image_id,gt_nutrient,pred_nutrient,gt_qty,pred_qty,gt_unit,pred_unit,gt_context,pred_context,qty_match,unit_match,ctx_match,full_match_3f,full_match_4f
1.png,Magnesium (gesamt),Magnesium (gesamt,400,400,mg,mg,per_daily_dose,per_daily_dose,True,True,True,True,True
1.png,Magnesiumoxid,Magnesiumoxid,400,400,mg,mg,per_daily_dose,per_daily_dose,True,True,True,True,True
1.png,Magnesiumbisglycinat,Magnesiumbisglycinat,350,,mg,,per_daily_dose,per_daily_dose,False,False,True,False,False
1.png,Magnesiummalat,Magnesiummalat,333,333,mg,mg,per_daily_dose,per_daily_dose,True,True,True,True,True
101.png,Energie,Energie,1625,,kJ,,per_100g,per_100g,False,False,True,False,False
101.png,Fett,Fett,0.8,0.8,g,g,per_100g,per_100g,True,True,True,True,True
101.png,Kohlenhydrate,Kohlenhydrate,86.1,86.1,g,g,per_100g,per_100g,True,True,True,True,True
101.png,Ballaststoffe,Ballaststoffe,3.0,3.0,g,g,per_100g,per_100g,True,True,True,True,True
101.png,Salz,Salz,0.09,0.09,g,g,per_100g,per_100g,True,True,True,True,True
101.png,Thiamin,Thiamin,0.44,,mg,,per_100g,per_100g,False,False,True,False,False
101.png,Natrium,Natrium,36,36,mg,mg,per_100g,per_100g,True,True,True,True,True
102.png,Energie,Energie,1502,1.0,kJ,g,per_100g,per_100g,False,False,True,False,False
102.png,Energie,Energie,356,7.7,kcal,g,per_100g,per_100g,False,False,True,False,False
102.png,Fett,Fett,7.7,,g,,per_100g,per_100g,False,False,True,False,False
102.png,Kohlenhydrate,Kohlenhydrate,63,0.6,g,g,per_100g,per_100g,False,True,True,False,False
102.png,Ballaststoffe,Ballaststoffe,5.1,0.02,g,g,per_100g,per_100g,False,True,True,False,False
102.png,Salz,Salz,0.14,,g,,per_100g,per_100g,False,False,True,False,False
102.png,Fett,Fettsauren,1.0,3.9,g,g,per_serving (1 Riegel* (12.5 g)),per_100g,False,True,False,False,False
102.png,Kohlenhydrate,Kohlenhydrate,7.9,5.1,g,g,per_serving (1 Riegel* (12.5 g)),per_100g,False,True,False,False,False
102.png,Ballaststoffe,Ballaststoffe,0.6,0.14,g,g,per_serving (1 Riegel* (12.5 g)),per_100g,False,True,False,False,False
103.jpeg,Energie,Energie,1383,328,kJ,kcal,per_100g,per_100g,False,False,True,False,False
103.jpeg,Energie,Energie,328,3.7,kcal,kcal,per_100g,per_100g,False,True,True,False,False
103.jpeg,Fett,Fett,3.7,3.7,g,kcal,per_100g,per_100g,True,False,True,False,False
103.jpeg,davon gesättigte Fettsäuren,Fett,0.4,0.4,g,g,per_100g,per_100g,True,True,True,False,False
103.jpeg,Kohlenhydrate,Kohlenhydrate,51,51,g,g,per_100g,per_100g,True,True,True,True,True
103.jpeg,davon Zucker,davon Zucker,51,51,g,g,per_100g,per_100g,True,True,True,True,True
103.jpeg,Ballaststoffe,Ballaststoffe,16,16,g,g,per_100g,per_100g,True,True,True,True,True
103.jpeg,Salz,Salz,0,7.7,g,g,per_100g,per_100g,False,True,True,False,False
103.jpeg,Energie,Energie,166,39,kJ,kcal,per_serving (pro Port. (12g)),per_100g,False,False,False,False,False
103.jpeg,Fett,Fett,0.4,328,g,kcal,per_serving (pro Port. (12g)),per_100g,False,False,False,False,False
103.jpeg,Kohlenhydrate,Kohlenhydrate,6.1,6.1,g,g,per_serving (pro Port. (12g)),per_100g,True,True,False,True,False
103.jpeg,davon Zucker,davon Zucker,6.1,16,g,g,per_serving (pro Port. (12g)),per_100g,False,True,False,False,False
103.jpeg,Ballaststoffe,Ballaststoffe,1.9,7.7,g,g,per_serving (pro Port. (12g)),per_100g,False,True,False,False,False
103.jpeg,Salz,Salz,0,66.0,g,g,per_serving (pro Port. (12g)),per_100g,False,True,False,False,False
104.jpeg,Energie,Energie,1528,14,kJ,g,per_100g,per_100g,False,False,True,False,False
104.jpeg,Energie,Energie,361,10,kcal,g,per_100g,per_100g,False,False,True,False,False
104.jpeg,Fett,Fett,2.6,361,g,kcal,per_100g,per_100g,False,False,True,False,False
104.jpeg,davon gesättigte Fettsäuren,Fett,0.6,1.4,g,g,per_100g,per_100g,False,True,True,False,False
104.jpeg,Kohlenhydrate,Kohlenhydrate,72,60,g,kcal,per_100g,per_100g,False,False,True,False,False
104.jpeg,davon Zucker,davon Zucker,72,0.6,g,g,per_100g,per_100g,False,True,True,False,False
104.jpeg,Ballaststoffe,Ballaststoffe,10,60,g,g,per_100g,per_100g,False,True,True,False,False
104.jpeg,Salz,Salz,0.1,72,g,g,per_100g,per_100g,False,True,True,False,False
104.jpeg,Energie,Energie,214,10,kJ,g,per_serving (pro Port. (14g)),per_100g,False,False,False,False,False
104.jpeg,Fett,Fett,0,3.2,g,g,per_serving (pro Port. (14g)),per_100g,False,True,False,False,False
104.jpeg,Salz,Salz,0,10,g,g,per_serving (pro Port. (14g)),per_100g,False,True,False,False,False
105.png,Energie,Energie,1320,1320,kJ,kj,per_100g,per_100g,True,True,True,True,True
105.png,Energie,Energie,313,158,kcal,kj,per_100g,per_100g,False,False,True,False,False
105.png,Fett,Fett,2.7,38,g,kj,per_100g,per_100g,False,False,True,False,False
105.png,- davon gesättigte Fettsäuren,Fett,0.4,313,g,kcal,per_100g,per_100g,False,False,True,False,False
105.png,Kohlenhydrate,Kohlenhydrate,52.1,51.4,g,g,per_100g,per_100g,False,True,True,False,False
105.png,Ballaststoffe,Ballaststoffe,15.5,1.9,g,g,per_100g,per_100g,False,True,True,False,False
105.png,Salz,Salz,0.03,0.03,g,g,per_100g,per_100g,True,True,True,True,True
105.png,Energie,Energie,158,2.7,kJ,g,per_serving (1 Portion* (12 g)),per_100g,False,False,False,False,False
105.png,Fett,Fett,0.3,0.3,g,kcal,per_serving (1 Portion* (12 g)),per_100g,True,False,False,False,False
105.png,Ballaststoffe,Ballaststoffe,1.9,7.0,g,g,per_serving (1 Portion* (12 g)),per_100g,False,True,False,False,False
106.png,Vitamin E / Vitamine E / Vitamina E / E-vitamin / Vitamin E,VitaminE,12,12,mg α-TE,mg a-te,per_serving (Pro Stick),,True,True,False,True,False
107.png,Vitamin B1,Vitamin B1,1.1,1.1,mg,mg,per_daily_dose (1 Tablette (4.3 g)*),per_daily_dose,True,True,True,True,True
107.png,Vitamin B2,Vitamin B2,1.4,1.4,mg,mg,per_daily_dose (1 Tablette (4.3 g)*),per_daily_dose,True,True,True,True,True
107.png,Vitamin B6,Vitamin B6,1.4,1.4,mg,mg,per_daily_dose (1 Tablette (4.3 g)*),per_daily_dose,True,True,True,True,True
107.png,Vitamin B12,Vitamin B12,2.5,80,µg,mg,per_daily_dose (1 Tablette (4.3 g)*),per_daily_dose,False,False,True,False,False
107.png,Vitamin E,Vitamin E,12,12,mg α-TE,mg a-te,per_daily_dose (1 Tablette (4.3 g)*),per_daily_dose,True,False,True,False,False
107.png,Niacin,Niacin,16,16,mg NE,mg ne,per_daily_dose (1 Tablette (4.3 g)*),per_daily_dose,True,True,True,True,True
107.png,Biotin,Biotin,50,50,µg,g,per_daily_dose (1 Tablette (4.3 g)*),per_daily_dose,True,False,True,False,False
108.jpeg,Magnesium,Magnesium,240,240,mg,mg,per_daily_dose (1 Tablette (5.6 g)*),per_daily_dose,True,True,True,True,True
108.jpeg,Vitamin B1,Vitamin B1,1.1,1.1,mg,mg,per_daily_dose (1 Tablette (5.6 g)*),per_daily_dose,True,True,True,True,True
108.jpeg,Vitamin B2,Vitamin B2,1.4,1.4,mg,mg,per_daily_dose (1 Tablette (5.6 g)*),per_daily_dose,True,True,True,True,True
108.jpeg,Vitamin B6,Vitamin B6,1.4,1.4,mg,mg,per_daily_dose (1 Tablette (5.6 g)*),per_daily_dose,True,True,True,True,True
108.jpeg,Vitamin B12,Vitamin B12,2.5,2.519,µg,mg,per_daily_dose (1 Tablette (5.6 g)*),per_daily_dose,False,False,True,False,False
108.jpeg,Biotin,Biotin,50,,µg,,per_daily_dose (1 Tablette (5.6 g)*),per_daily_dose,False,False,True,False,False
109.jpeg,Brennwert,Brennwert,420,,kJ,,per_100g,per_100g,False,False,True,False,False
109.jpeg,Fett,Fett,0,,g,,per_100g,per_100g,False,False,True,False,False
109.jpeg,Kohlenhydrate,Kohlenhydrate,12.0,12.0,g,g,per_100g,per_100g,True,True,True,True,True
109.jpeg,Ballaststoffe,Ballaststoffe,1.5,1.5,g,g,per_100g,per_100g,True,True,True,True,True
109.jpeg,Salz,Salz,0.05,0.05,g,g,per_100g,per_100g,True,True,True,True,True
110.jpeg,Niacin,Niacin,8.0,8.0,mg NE,mg ne,per_serving (pro Stick),per_serving,True,True,True,True,True
110.jpeg,Niacin,Niacin,16,16,mg NE,mg ne,per_daily_dose (pro 2 Sticks),per_serving,True,True,False,True,False
111.jpeg,Vitamin B12,Vitamin B12,17.5,17.5,µg,g,per_daily_dose (1 Tagesdosis (8 ml)),,True,False,False,False,False
113.jpeg,ENERGIE kJ,Energie,1546,1546,kJ,kcal,per_100g,per_100g,True,False,True,False,False
113.jpeg,ENERGIE kcal,Energie,369,464,kcal,kcal,per_100g,per_serving,False,True,False,False,False
113.jpeg,FETT,FETT,4.5,111,g,kcal,per_100g,per_serving,False,False,False,False,False
113.jpeg,DAVON GESÄTTIGTE FETTSÄUREN,FETT,3.1,369,g,kcal,per_100g,per_100g,False,False,True,False,False
113.jpeg,KOHLENHYDRATE,Kohlenhydrate,7.7,0.9,g,g,per_100g,per_serving,False,True,False,False,False
113.jpeg,BALLASTSTOFFE,Ballaststoffe,1.9,<1,g,g,per_100g,per_serving,False,True,False,False,False
113.jpeg,SALZ,SALZ,0.53,1.2,g,g,per_100g,per_serving,False,True,False,False,False
113.jpeg,KOFFEIN,KOFFEIN,267,0.6,mg,g,per_100g,per_serving,False,False,False,False,False
113.jpeg,ENERGIE kJ,Energie,464,11,kJ,kcal,per_serving (30 g PULVER IN 250ml WASSER),per_serving,False,False,True,False,False
113.jpeg,FETT,FETT,1.3,21.8,g,g,per_serving (30 g PULVER IN 250ml WASSER),per_serving,False,True,True,False,False
113.jpeg,KOHLENHYDRATE,Kohlenhydrate,2.3,4.5,g,g,per_serving (30 g PULVER IN 250ml WASSER),per_100g,False,True,False,False,False
113.jpeg,BALLASTSTOFFE,Ballaststoffe,0.6,16,g,g,per_serving (30 g PULVER IN 250ml WASSER),per_100g,False,True,False,False,False
113.jpeg,SALZ,SALZ,0.17,17,g,g,per_serving (30 g PULVER IN 250ml WASSER),per_100g,False,True,False,False,False
113.jpeg,KOFFEIN,KOFFEIN,80,3.9,mg,g,per_serving (30 g PULVER IN 250ml WASSER),per_100g,False,False,False,False,False
114.jpeg,ENERGIE,Energie,1541,1541,kJ,kj,per_100g,per_100g,True,True,True,True,True
114.jpeg,ENERGIE,Energie,368,462,kcal,kj,per_100g,per_serving,False,False,False,False,False
114.jpeg,FETT,FETT,4.8,111,g,kj,per_100g,per_serving,False,False,False,False,False
114.jpeg,DAVON GESÄTTIGTE FETTSÄUREN,FETT,3.3,18,g,kj,per_100g,per_100g,False,False,True,False,False
114.jpeg,KOHLENHYDRATE,Kohlenhydrate,8.8,1.0,g,g,per_100g,per_serving,False,True,False,False,False
114.jpeg,BALLASTSTOFFE,Ballaststoffe,2.8,2.6,g,g,per_100g,per_serving,False,True,False,False,False
114.jpeg,SALZ,SALZ,0.51,0.9,g,g,per_100g,per_serving,False,True,False,False,False
114.jpeg,KOFFEIN,KOFFEIN,268,268,mg,mg,per_100g,per_100g,True,True,True,True,True
114.jpeg,ENERGIE,Energie,462,21.0,kJ,g,per_serving (30 g PULVER IN 250ml WASSER),per_serving,False,False,True,False,False
114.jpeg,FETT,FETT,1.4,0.17,g,g,per_serving (30 g PULVER IN 250ml WASSER),per_serving,False,True,True,False,False
114.jpeg,KOHLENHYDRATE,Kohlenhydrate,2.6,4.8,g,kcal,per_serving (30 g PULVER IN 250ml WASSER),per_100g,False,False,False,False,False
114.jpeg,BALLASTSTOFFE,Ballaststoffe,0.9,17,g,g,per_serving (30 g PULVER IN 250ml WASSER),per_100g,False,True,False,False,False
114.jpeg,SALZ,SALZ,0.17,8.8,g,g,per_serving (30 g PULVER IN 250ml WASSER),per_100g,False,True,False,False,False
114.jpeg,KOFFEIN,KOFFEIN,80,80,mg,mg,per_serving (30 g PULVER IN 250ml WASSER),per_serving,True,True,True,True,True
115.png,Brennwert,Brennwert,438,,kJ,,per_100g,per_100g,False,False,True,False,False
115.png,Fett,Fett,0,,g,,per_100g,per_100g,False,False,True,False,False
115.png,Kohlenhydrate,Kohlenhydrate,12.0,12.0,g,g,per_100g,per_100g,True,True,True,True,True
115.png,- davon Zucker,- davon Zucker,10.0,10.0,g,g,per_100g,per_100g,True,True,True,True,True
115.png,Ballaststoffe,Ballaststoffe,1.6,1.6,g,g,per_100g,per_100g,True,True,True,True,True
115.png,Salz,Salz,0.05,,g,,per_100g,per_100g,False,False,True,False,False
116.jpeg,ENERGIE,ENERGIE,1696,,kJ,,per_100g,per_serving,False,False,False,False,False
116.jpeg,FETT:,FETT:,12.0,12.0,g,g,per_100g,per_100g,True,True,True,True,True
116.jpeg,KOHLENHYDRATE:,KOHLENHYDRATE:,27.0,27.0,g,g,per_100g,per_100g,True,True,True,True,True
116.jpeg,BALLASTSTOFFE,Ballaststoffe,12.0,12.0,g,g,per_100g,per_100g,True,True,True,True,True
116.jpeg,SALZ,SALZ,2.02,2.02,g,g,per_100g,per_100g,True,True,True,True,True
116.jpeg,FETT:,FETT:,3.5,3.5,g,g,per_serving (PORTION**),per_serving,True,True,True,True,True
116.jpeg,KOHLENHYDRATE:,KOHLENHYDRATE:,8.2,8.2,g,g,per_serving (PORTION**),per_serving,True,True,True,True,True
116.jpeg,BALLASTSTOFFE,Ballaststoffe,3.7,3.7,g,g,per_serving (PORTION**),per_serving,True,True,True,True,True
116.jpeg,SALZ,SALZ,0.61,0.61,g,g,per_serving (PORTION**),per_serving,True,True,True,True,True
117.jpeg,ENERGIE,ENERGIE,728,,kJ,,per_serving (45 g),per_serving,False,False,True,False,False
117.jpeg,FETT,FETT,6.1,6.1,g,,per_serving (45 g),per_serving,True,False,True,False,False
117.jpeg,KOHLENHYDRATE,Kohlenhydrate,16.7,,g,,per_serving (45 g),per_serving,False,False,True,False,False
117.jpeg,BALLASTSTOFFE,Ballaststoffe,4.0,,g,,per_serving (45 g),per_serving,False,False,True,False,False
117.jpeg,SALZ,SALZ,0.04,0.04,g,g,per_serving (45 g),per_serving,True,True,True,True,True
118.jpeg,ENERGIE,ENERGIE,1440,10,kJ,g,per_100g,per_100g,False,False,True,False,False
118.jpeg,ENERGIE,ENERGIE,344,8.0,kcal,g,per_100g,per_100g,False,False,True,False,False
118.jpeg,FETT:,FETT:,10,2.6,g,g,per_100g,per_100g,False,True,True,False,False
118.jpeg,KOHLENHYDRATE:,KOHLENHYDRATE:,48,4.0,g,g,per_100g,per_100g,False,True,True,False,False
118.jpeg,BALLASTSTOFFE,Ballaststoffe,3.0,24,g,g,per_100g,per_100g,False,True,True,False,False
118.jpeg,SALZ,SALZ,0.70,2.4,g,g,per_100g,per_100g,False,True,True,False,False
118.jpeg,FETT:,FETT:,8.0,2.1,g,g,per_serving (80 g),per_100g,False,True,False,False,False
118.jpeg,KOHLENHYDRATE:,KOHLENHYDRATE:,38,3.2,g,g,per_serving (80 g),per_100g,False,True,False,False,False
118.jpeg,BALLASTSTOFFE,Ballaststoffe,2.4,19,g,g,per_serving (80 g),per_100g,False,True,False,False,False
119.jpeg,FETT:,FETT:,11,24,g,g,per_100g,per_serving,False,True,False,False,False
119.jpeg,KOHLENHYDRATE:,KOHLENHYDRATE:,47,3.2,g,g,per_100g,per_serving,False,True,False,False,False
119.jpeg,BALLASTSTOFFE,Ballaststoffe,4.5,19,g,g,per_100g,per_serving,False,True,False,False,False
119.jpeg,SALZ,SALZ,0.70,,g,,per_100g,per_100g,False,False,True,False,False
119.jpeg,FETT:,FETT:,8.4,3.0,g,g,per_serving (80 g),per_100g,False,True,False,False,False
119.jpeg,KOHLENHYDRATE:,KOHLENHYDRATE:,38,4.0,g,g,per_serving (80 g),per_100g,False,True,False,False,False
119.jpeg,BALLASTSTOFFE,Ballaststoffe,3.6,24,g,g,per_serving (80 g),per_100g,False,True,False,False,False
120.jpeg,INOSITOL,INOSITOL,100,100,mg,mg,per_daily_dose (10 G),per_100g,True,True,False,True,False
120.jpeg,CHOLIN,choline,20,20,mg,mg,per_daily_dose (10 G),per_100g,True,True,False,True,False
120.jpeg,RUTIN,RUTIN,20,20,mg,mg,per_daily_dose (10 G),per_100g,True,True,False,True,False
120.jpeg,LACTOBACILLUS ACIDOPHILUS,LACTOBACILLUS,3.6 x 10^8,,KBE,,per_daily_dose (10 G),per_100g,False,False,False,False,False
120.jpeg,NIACIN,Niacin,16,16,mg,mg,per_daily_dose (10 G),per_100g,True,True,False,True,False
120.jpeg,BIOTIN,Biotin,40,91,µg,mg,per_daily_dose (10 G),per_100g,False,False,False,False,False
120.jpeg,CALCIUM,Calcium,121,40,mg,g,per_daily_dose (10 G),per_100g,False,False,False,False,False
120.jpeg,ZINK,ZINK,6.5,164,mg,g,per_daily_dose (10 G),per_100g,False,False,False,False,False
120.jpeg,JOD,Jod,100,4.1,µg,g,per_daily_dose (10 G),per_100g,False,False,False,False,False
120.jpeg,SELEN,SELEN,22,104,µg,g,per_daily_dose (10 G),per_100g,False,False,False,False,False
120.jpeg,KUPFER,KUPFER,1,5.2,mg,g,per_daily_dose (10 G),per_100g,False,False,False,False,False
120.jpeg,MANGAN,MANGAN,0.4,81,mg,g,per_daily_dose (10 G),per_100g,False,False,False,False,False
120.jpeg,CHROM,CHROM,25,60.4,µg,g,per_daily_dose (10 G),per_100g,False,False,False,False,False
121.jpeg,ENERGIE,ENERGIE,1.401,5.2,kJ,g,per_100g,per_serving,False,False,False,False,False
121.jpeg,ENERGIE,ENERGIE,336,12,kcal,g,per_100g,per_100g,False,False,True,False,False
121.jpeg,FETT:,FETT:,12,2.9,g,g,per_100g,per_serving,False,True,False,False,False
121.jpeg,KOHLENHYDRATE:,KOHLENHYDRATE:,20,2.2,g,g,per_100g,per_serving,False,True,False,False,False
121.jpeg,BALLASTSTOFFE,Ballaststoffe,18,6.7,g,g,per_100g,per_serving,False,True,False,False,False
121.jpeg,EIWEISS,Eiweiss,35,79,g,g,per_100g,per_serving,False,True,False,False,False
121.jpeg,SALZ,SALZ,0.20,16,g,g,per_100g,per_serving,False,True,False,False,False
121.jpeg,FETT:,FETT:,5.2,6.5,g,g,per_serving (45g),per_100g,False,True,False,False,False
121.jpeg,KOHLENHYDRATE:,KOHLENHYDRATE:,9.1,49,g,g,per_serving (45g),per_100g,False,True,False,False,False
121.jpeg,BALLASTSTOFFE,Ballaststoffe,7.9,15,g,g,per_serving (45g),per_100g,False,True,False,False,False
121.jpeg,EIWEISS,Eiweiss,16,18,g,g,per_serving (45g),per_100g,False,True,False,False,False
121.jpeg,SALZ,SALZ,0.09,0.09,g,g,per_serving (45g),per_serving,True,True,True,True,True
15.png,Salz/Salt,Salz/Salt15.0g/0.63g/1.26 g.Mineralstoffe/Minerals:Natrium/Sodium 5962 mg/200 mg/500mg.Kaffen/Putel,15.0,,g,,per_100g,nahrwertangaben/nutrition information pro/per 100 g/42 g/21.42 g.samgile/of210ks180kcal/38ld,False,False,False,False,False
15.png,Magnesium,mg/60mg7.5%*/120mg15%*)Magnesium670 mg/28.1 mg 7.5%/56.3 mg15%Kotfein/Cafen 1786 mg,670,,mg,,per_100g,nahrwertangaben/nutrition information pro/per 100 g/42 g/21.42 g.samgile/of210ks180kcal/38ld,False,False,False,False,False
15.png,Calcium,"sium 3571mg/150mg7.5%*/300mg15%*)Chloride4762mg/200mg25%/400 mg 50%,Calcium 1428",1428,,mg,,per_100g,nahrwertangaben/nutrition information pro/per 100 g/42 g/21.42 g.samgile/of210ks180kcal/38ld,False,False,False,False,False
15.png,Magnesium,clumcarbonatNatriumchloridMagnesiumhydroxidCalciumphosphate)Fauchthmhsrattd(Sorhel trnbe nudriohs aon,28.1,,mg,,per_serving (4.2 g),nahrwertangaben/nutrition information pro/per 100 g/42 g/21.42 g.samgile/of210ks180kcal/38ld,False,False,False,False,False
17.png,Caffeine,Caffeine,100,100,mg,mg,per_serving (piece),,True,True,False,True,False
17.png,Vitamin B3,Vitamin B3,2.4,2.4,mg NE,mg ne,per_serving (piece),,True,True,False,True,False
17.png,Vitamin B6,Vitamin B6,0.22,0.22,mg,mg,per_serving (piece),,True,True,False,True,False
2.png,Energie/energy kJ,Energie/energy kJ (kcal,1195,1195,kJ,,per_100g,per_100g,True,False,True,False,False
2.png,Fett/fat,Fett/fat,0,1616,g,,per_100g,per_100g,False,False,True,False,False
2.png,davon gesättigte Fettsäuren/of which saturates,of which saturates,0,,g,,per_100g,per_100g,False,True,True,False,False
2.png,Kohlenhydrate/carbohydrates,Kohlenhydrate/carbohydrates,70,70,g,g,per_100g,per_100g,True,True,True,True,True
2.png,davon Zuckerarten/of which sugars,davon Zuckerarten/of which sugars,33,33,g,g,per_100g,per_100g,True,True,True,True,True
2.png,Eiweiss/Protein,Eiweiss/Protein,0,,g,,per_100g,per_100g,False,False,True,False,False
2.png,Salz/salt,Salz/salt,0.43,0.43,g,g,per_100g,per_100g,True,True,True,True,True
2.png,Energie/energy kJ,Energie/energy kJ (kcal,837,837 (197,kJ,,per_serving (1 Tube (70g)),per_100g,False,False,False,False,False
2.png,Fett/fat,Fett/fat,0,1616,g,,per_serving (1 Tube (70g)),per_100g,False,False,False,False,False
2.png,Kohlenhydrate/carbohydrates,Kohlenhydrate/carbohydrates,50,50,g,g,per_serving (1 Tube (70g)),per_100g,True,True,False,True,False
2.png,davon Zuckerarten/of which sugars,davon Zuckerarten/of which sugars,25,25,g,g,per_serving (1 Tube (70g)),per_100g,True,True,False,True,False
2.png,Salz/salt,Salz/salt,0.30,0.30,g,g,per_serving (1 Tube (70g)),per_100g,True,True,False,True,False
20.png,Brennwert/Energy Value,Brennwert/Energy Value,1474,<0.1,kJ,g,per_100g (100 g Pulver),per_100g,False,False,True,False,False
20.png,Brennwert/Energy Value,Brennwert/Energy Value,346,<0.1,kcal,g,per_100g (100 g Pulver),per_100g,False,False,True,False,False
20.png,Kohlenhydrate/Carbohydrate,Kohlenhydrate/Carbohydrate,78.1,<0.1,g,g,per_100g (100 g Pulver),per_100g,False,True,True,False,False
20.png,Natrium/Sodium,Natrium/Sodium,667,667,mg,mg,per_100g (100 g Pulver),per_100g,True,True,True,True,True
20.png,Kalium/Potassium,Kalium/Potassium,667,100,mg,g,per_100g (100 g Pulver),per_100g,False,False,True,False,False
20.png,Calcium,Calcium,800,120,mg,g,per_100g (100 g Pulver),per_100g,False,False,True,False,False
20.png,Magnesium,Magnesium,300,45,mg,mg,per_100g (100 g Pulver),per_100g,False,True,True,False,False
20.png,Chlorid/Chloride,Chlorid/Chloride,667,756,mg,mg,per_100g (100 g Pulver),per_100g,False,True,True,False,False
20.png,Phosphor/Phosphorus,Phosphor/Phosphorus,800,120,mg,mg,per_100g (100 g Pulver),per_100g,False,True,True,False,False
20.png,Selen/Selenium,Selen/Selenium,200,120,µg,mg,per_100g (100 g Pulver),per_100g,False,False,True,False,False
20.png,Koffein (aus Guaranatrankpulver) / Caffeine (from Guarana extract powder),Caffeine (from Guarana extract powder,250,33,mg,mg,per_100g (100 g Pulver),per_100g,False,True,True,False,False
20.png,Niacin,Niacin,240,37.5,mg NE,mg,per_100g (100 g Pulver),per_100g,False,False,True,False,False
20.png,Vitamin B6,Vitamin B6,13.3,10,mg,mg ne,per_100g (100 g Pulver),per_100g,False,False,True,False,False
20.png,Vitamin B1,Vitamin B1,9.3,1256,mg,mg,per_100g (100 g Pulver),per_100g,False,True,True,False,False
20.png,Vitamin B12,Vitamin B12,6.7,200,µg,mg,per_100g (100 g Pulver),per_100g,False,False,True,False,False
20.png,Biotin,biotin,1000,1606,µg,mg,per_100g (100 g Pulver),per_100g,False,False,True,False,False
20.png,Kohlenhydrate/Carbohydrate,Kohlenhydrate/Carbohydrate,11.7,<0.5,g,g,per_daily_dose (1 Portion = 15 g),per_100g,False,True,False,False,False
20.png,Natrium/Sodium,Natrium/Sodium,100,58,mg,g,per_daily_dose (1 Portion = 15 g),per_100g,False,False,False,False,False
20.png,Kalium/Potassium,Kalium/Potassium,100,800,mg,mg,per_daily_dose (1 Portion = 15 g),per_100g,False,True,False,False,False
20.png,Calcium,Calcium,120,300,mg,mg,per_daily_dose (1 Portion = 15 g),per_100g,False,True,False,False,False
20.png,Magnesium,Magnesium,45,667,mg,mg,per_daily_dose (1 Portion = 15 g),per_100g,False,True,False,False,False
20.png,Chlorid/Chloride,Chlorid/Chloride,120,800,mg,mg,per_daily_dose (1 Portion = 15 g),per_100g,False,True,False,False,False
20.png,Phosphor/Phosphorus,Phosphor/Phosphorus,120,200,mg,mg,per_daily_dose (1 Portion = 15 g),per_100g,False,True,False,False,False
20.png,Selen/Selenium,Selen/Selenium,33,250,µg,mg,per_daily_dose (1 Portion = 15 g),per_100g,False,False,False,False,False
20.png,Koffein (aus Guaranatrankpulver) / Caffeine (from Guarana extract powder),Caffeine (from Guarana extract powder,37.5,240,mg,mg a-te,per_daily_dose (1 Portion = 15 g),per_100g,False,False,False,False,False
20.png,Niacin,Niacin,16,13.3,mg NE,mg,per_daily_dose (1 Portion = 15 g),per_100g,False,False,False,False,False
20.png,Vitamin B6,Vitamin B6,1,1333,mg,mg,per_daily_dose (1 Portion = 15 g),per_100g,False,True,False,False,False
20.png,Vitamin B1,Vitamin B1,200,6.7,µg,g,per_daily_dose (1 Portion = 15 g),per_100g,False,False,False,False,False
20.png,Vitamin B12,Vitamin B1,1,1.6,µg,mg,per_daily_dose (1 Portion = 15 g),per_100g,False,False,False,False,False
26.png,ENERGY,ENERGY,942,2,kJ,g,per_100g,pr100g,False,False,False,False,False
26.png,FAT,FAT,0,,g,,per_100g,pr100g,False,False,False,False,False
26.png,OF WHICH SATURATES,SATURATES,0,56,g,g,per_100g,pr100g,False,True,True,False,False
26.png,CARBOHYDRATE,CARBOHYDRATE,56,,g,,per_100g,pr100g,False,False,False,False,False
26.png,PROTEIN,PROTEIN,3.5,0.11,g,g,per_100g,pr100g,False,True,False,False,False
26.png,SALT,SALT,0.11,,g,,per_100g,pr100g,False,False,False,False,False
27.png,Calcium,Calcium,4000,4000,mg,mg,per_100g (100 g Pulver),per_100g,True,True,True,True,True
27.png,Magnesium,Magnesium,2000,2000,mg,mg,per_100g (100 g Pulver),per_100g,True,True,True,True,True
27.png,Zink/Zinc,Zink/Zinc,75,,mg,,per_100g (100 g Pulver),per_100g,False,False,True,False,False
27.png,Chrom/Chromium,Chrom/Chromium,896,896,µg,µg,per_100g (100 g Pulver),per_100g,True,True,True,True,True
27.png,Vitamin D,Vitamin D,37,37,µg,g,per_100g (100 g Pulver),per_100g,True,False,True,False,False
30.png,ENERGY,ENERGY kJ/kcal,907,,kJ,,per_serving (Per Bar 55g),per_100g,False,False,False,False,False
30.png,PROTEIN,PROTEIN (g,2.7,2.7,g,,per_serving (Per Bar 55g),per_100g,True,False,False,False,False
30.png,FAT,FAT: (g,5.0,5.0,g,,per_serving (Per Bar 55g),per_100g,True,False,False,False,False
30.png,SATURATED FAT,- SATURATED FAT (g,2.7,2.7,g,,per_serving (Per Bar 55g),per_100g,True,False,False,False,False
30.png,CARBOHYDRATE,carbohydrate,39,39,g,,per_serving (Per Bar 55g),per_100g,True,False,False,False,False
30.png,SUGARS,- SUGARS (g,19,19,g,,per_serving (Per Bar 55g),per_100g,True,False,False,False,False
30.png,DIETARY FIBRE,dietary fibre,2.0,2.0,g,,per_serving (Per Bar 55g),per_100g,True,False,False,False,False
30.png,SODIUM,SODIUM (mg,70,70,mg,,per_serving (Per Bar 55g),per_100g,True,False,False,False,False
30.png,PROTEIN,PROTEIN (g,4.8,4.8,g,,per_100g,per_100g,True,False,True,False,False
30.png,FAT,FAT: (g,9.1,9.1,g,,per_100g,per_100g,True,False,True,False,False
30.png,SATURATED FAT,- SATURATED FAT (g,4.9,4.9,g,,per_100g,per_100g,True,False,True,False,False
30.png,CARBOHYDRATE,carbohydrate,71,71,g,,per_100g,per_100g,True,False,True,False,False
30.png,SUGARS,- SUGARS (g,35,35,g,,per_100g,per_100g,True,False,True,False,False
30.png,DIETARY FIBRE,dietary fibre,3.6,3.6,g,,per_100g,per_100g,True,False,True,False,False
30.png,SODIUM,SODIUM (mg,130,130,mg,,per_100g,per_100g,True,False,True,False,False
33.png,Fett/fat,Fett/fat,0,,g,,per_100g,per_100g,False,False,True,False,False
33.png,davon gesättigte Fettsäuren/of which saturates,of which saturates,0,,g,,per_100g,per_100g,False,True,True,False,False
33.png,Kohlenhydrate/carbohydrates,Kohlenhydrate/carbohydrates,97,97,g,g,per_100g,per_100g,True,True,True,True,True
33.png,davon Zuckerarten/of which sugars,of which sugars,56,56,g,g,per_100g,per_100g,True,True,True,True,True
33.png,Eiweiss/protein,Eiweiss/protein,0,,g,,per_100g,per_100g,False,False,True,False,False
33.png,Salz/salt,Salz/salt,0.53,0.53,g,g,per_100g,per_100g,True,True,True,True,True
33.png,Natrium/sodium,Natrium/sodium,210,210,mg,mg,per_100g,per_100g,True,True,True,True,True
33.png,Calcium,Calcium,35,35,mg,mg,per_100g,per_100g,True,True,True,True,True
33.png,Magnesium,Magnesium,25,25,mg,mg,per_100g,per_100g,True,True,True,True,True
33.png,Kalium/potassium,Kalium/potassium,55,55,mg,mg,per_100g,per_100g,True,True,True,True,True
33.png,Chlorid/chlorure,Chlorid/chlorure,140,,mg,,per_100g,per_100g,False,False,True,False,False
33.png,Kohlenhydrate/carbohydrates,Kohlenhydrate/carbohydrates,73,56,g,g,per_serving (75 g (300 ml)),per_100g,False,True,False,False,False
33.png,davon Zuckerarten/of which sugars,of which sugars,42,42,g,g,per_serving (75 g (300 ml)),per_100g,True,True,False,True,False
33.png,Salz/salt,Salz/salt,0.40,0.40,g,g,per_serving (75 g (300 ml)),per_100g,True,True,False,True,False
33.png,Natrium/sodium,Natrium/sodium,158,158,mg,mg,per_serving (75 g (300 ml)),per_100g,True,True,False,True,False
33.png,Calcium,Calcium,26,26,mg,mg,per_serving (75 g (300 ml)),per_100g,True,True,False,True,False
33.png,Magnesium,Magnesium,19,19,mg,mg,per_serving (75 g (300 ml)),per_100g,True,True,False,True,False
34.png,Energy,Energy,1356,319,kJ,g,per_100g,per_100g,False,False,True,False,False
34.png,Energy,Energy,319,80,kcal,g,per_100g,per_100g,False,False,True,False,False
34.png,Fat,Fat,0,80,g,g,per_100g,per_100g,False,True,True,False,False
34.png,Carbohydrate,Carbohydrate,80,80,g,g,per_100g,per_100g,True,True,True,True,True
34.png,of which sugars,of which sugars,77,77,g,g,per_100g,per_100g,True,True,True,True,True
34.png,Fibre,Fibre,5,77,g,g,per_100g,per_100g,False,True,True,False,False
34.png,Protein,Protein,0,3.5,g,g,per_100g,per_100g,False,True,True,False,False
34.png,Salt,Salt,3.5,3.5,g,g,per_100g,per_100g,True,True,True,True,True
34.png,Calcium,Calcium,400,400,mg,mg,per_100g,per_100g,True,True,True,True,True
34.png,Potassium,Potassium,400,400,mg,mg,per_100g,per_100g,True,True,True,True,True
34.png,Magnesium,Magnesium,100,100,mg,mg,per_100g,per_100g,True,True,True,True,True
34.png,Zinc,Zinc,2.6,2.6,mg,mg,per_100g,per_100g,True,True,True,True,True
34.png,C,Carbohydrate,72,77,mg,g,per_100g,per_100g,False,True,True,False,False
34.png,B3,B3,12,12,mg,mg,per_100g,per_100g,True,True,True,True,True
34.png,B6,B6,3.2,3.2,mg,mg,per_100g,per_100g,True,True,True,True,True
34.png,B5,B5,2.9,2.9,mg,mg,per_100g,per_100g,True,True,True,True,True
34.png,B1,B1,0.8,0.8,mg,mg,per_100g,per_100g,True,True,True,True,True
34.png,B2,B2,0.8,0.8,mg,mg,per_100g,per_100g,True,True,True,True,True
34.png,Folic acid,Folic acid,34,34,µg,mg,per_100g,per_100g,True,False,True,False,False
34.png,B12,B12,3.5,3.5,µg,ug,per_100g,per_100g,True,True,True,True,True
34.png,Fat,Fat,0,319,g,g,per_serving (25g serving),per_100g,False,True,False,False,False
34.png,Carbohydrate,Carbohydrate,20,20,g,g,per_serving (25g serving),per_100g,True,True,False,True,False
34.png,of which sugars,of which sugars,19,80,g,g,per_serving (25g serving),per_100g,False,True,False,False,False
34.png,Fibre,Fibre,1.2,1.2,g,g,per_serving (25g serving),per_100g,True,True,False,True,False
34.png,Protein,Protein,0,1.2,g,g,per_serving (25g serving),per_100g,False,True,False,False,False
34.png,Salt,Salt,0.9,0.9,g,g,per_serving (25g serving),per_100g,True,True,False,True,False
34.png,Calcium,Calcium,100,100,mg,mg,per_serving (25g serving),per_100g,True,True,False,True,False
34.png,Potassium,Potassium,100,100,mg,mg,per_serving (25g serving),per_100g,True,True,False,True,False
34.png,Magnesium,Magnesium,25,400,mg,mg,per_serving (25g serving),per_100g,False,True,False,False,False
34.png,Zinc,Zinc,0.7,100,mg,mg,per_serving (25g serving),per_100g,False,True,False,False,False
34.png,C,of which sugars,18,20,mg,g,per_serving (25g serving),per_100g,False,False,False,False,False
34.png,B3,B3,3.0,72,mg,mg,per_serving (25g serving),per_100g,False,True,False,False,False
34.png,B6,B6,0.8,12,mg,mg,per_serving (25g serving),per_100g,False,True,False,False,False
34.png,B5,B5,0.7,3.2,mg,mg,per_serving (25g serving),per_100g,False,True,False,False,False
34.png,B1,B1,0.2,2.9,mg,mg,per_serving (25g serving),per_100g,False,True,False,False,False
34.png,B2,B2,0.2,34,mg,mg,per_serving (25g serving),per_100g,False,True,False,False,False
34.png,Folic acid,Folic acid,8.4,3.5,µg,ug,per_serving (25g serving),per_100g,False,True,False,False,False
34.png,B12,B12,0.9,34,µg,mg,per_serving (25g serving),per_100g,False,False,False,False,False
35.jpeg,Magnesium,Magnesium,4.7,4.7,g,g,per_100g,per_100g,True,True,True,True,True
35.jpeg,Vitamin C,Vitamin C,2.1,2.1,g,g,per_100g,per_100g,True,True,True,True,True
4.png,ENERGY,ENERGY,952,09,,g,per_100g,,False,False,False,False,False
4.png,FAT,FAT,0,56,g,g,per_100g,,False,True,False,False,False
4.png,OF WHICH SATURATES,saturates,0,0.1,g,g,per_100g,,False,True,False,False,False
4.png,CARBOHYDRATE,carbohydrate,56,,g,,per_100g,,False,False,False,False,False
4.png,OF WHICH SUGARS,OF WHICH SUGARS 6.7g,6.7,,g,,per_100g,,False,False,False,False,False
4.png,PROTEIN,PROTEIN,0.1,,g,,per_100g,,False,False,False,False,False
4.png,SALT,SALT,0.12,,g,,per_100g,,False,False,False,False,False
41.png,ENERGY,ENERGY,612,,kJ,,per_100g,per_100g,False,False,True,False,False
41.png,FAT,FAT,0,,g,,per_100g,per_100g,False,False,True,False,False
41.png,OF WHICH SATURATES,SATURATES,0,,g,,per_100g,per_100g,False,True,True,False,False
41.png,CARBOHYDRATE,CARBOHYDRATE,36,16156,g,g,per_100g,per_100g,False,True,True,False,False
41.png,PROTEIN,PROTEIN,0,,g,,per_100g,per_100g,False,False,True,False,False
41.png,SALT,SALT,0.10,0.10,g,g,per_100g,per_100g,True,True,True,True,True
42.png,ENERGY,ENERGYKJ/KCAL,736,,kJ,,per_serving (PER SERVE 47g),per_100g,False,False,False,False,False
42.png,PROTEIN,protein,0,0.1,g,,per_serving (PER SERVE 47g),per_100g,False,False,False,False,False
42.png,FAT,FAT (g,0,,g,,per_serving (PER SERVE 47g),per_100g,False,False,False,False,False
42.png,SATURATED FAT,- SATURATED FAT (g,0,,g,,per_serving (PER SERVE 47g),per_100g,False,False,False,False,False
42.png,CARBOHYDRATE,carbohydrate,44,94,g,,per_serving (PER SERVE 47g),per_100g,False,False,False,False,False
42.png,SUGARS,SUGARS(g,18,38,g,,per_serving (PER SERVE 47g),per_100g,False,False,False,False,False
42.png,DIETARY FIBRE,dietary fibre,0,,g,,per_serving (PER SERVE 47g),per_100g,False,False,False,False,False
42.png,SODIUM,SODIUM (mg,240,240,mg,,per_serving (PER SERVE 47g),per_100g,True,False,False,False,False
42.png,SODIUM,SODIUM (mg,500,500,mg,,per_100g,per_100g,True,False,True,False,False
45_1.png,ENERGY,ENERGYKJ/KCAL,736,,kJ,,per_serving (1 SERV. 47g),per_100g,False,False,False,False,False
45_1.png,PROTEIN,PROTEIN (g,0,0.1,g,,per_serving (1 SERV. 47g),per_100g,False,False,False,False,False
45_1.png,FAT,FAT(g,0,,g,,per_serving (1 SERV. 47g),per_100g,False,False,False,False,False
45_1.png,SATURATED FAT,SATURATED FAT(g,0,,g,,per_serving (1 SERV. 47g),per_100g,False,False,False,False,False
45_1.png,CARBOHYDRATE,carbohydrate,44,1410,g,,per_serving (1 SERV. 47g),per_100g,False,False,False,False,False
45_1.png,SUGARS,-SUGARS(g,18,,g,,per_serving (1 SERV. 47g),per_100g,False,False,False,False,False
45_1.png,DIETARY FIBRE,dietary fibre,0,,g,,per_serving (1 SERV. 47g),per_100g,False,False,False,False,False
45_1.png,SODIUM,SODIUM(mg,240,240,mg,,per_serving (1 SERV. 47g),per_100g,True,False,False,False,False
45_1.png,SODIUM,SODIUM(mg,500,500,mg,,per_100g,per_100g,True,False,True,False,False
45_2.png,ENERGY,ENERGY,1567,,kJ,,per_100g,per_100g,False,False,True,False,False
45_2.png,FAT,FAT,0,,g,,per_100g,per_100g,False,False,True,False,False
45_2.png,OF WHICH SATURATES,SATURATES,0,16,g,,per_100g,per_100g,False,False,True,False,False
45_2.png,CARBOHYDRATE,CARBOHYDRATE,94,94,g,g,per_100g,per_100g,True,True,True,True,True
45_2.png,PROTEIN,PROTEIN,0.1,0.1,g,g,per_100g,per_100g,True,True,True,True,True
45_2.png,SALT,SALT,1.3,1.3,g,g,per_100g,per_100g,True,True,True,True,True
56.jpeg,Fett ........... Lipides,Fett,4.3,83,g,g,per_100g,per_100g,False,True,True,False,False
56.jpeg,Fett ........... Lipides,Fett,0.26,0.228,g,g,per_serving (pro Esslöffel (6 g)),per_100g,False,True,False,False,False
57.jpeg,Fett ........... Lipides,Fett,4.3,96.2,g,kcal,per_100g,per_100g,False,False,True,False,False
57.jpeg,Fett ........... Lipides,lipides,0.26,1604,g,g,per_serving (pro Esslöffel (6 g)),per_100g,False,True,False,False,False
59.png,Kohlenhydrate/Carbohydrate,Kohlenhydrate/Carbohydrate,66.6,66.6,g,g,per_100g (100 g Pulver),per_100g,True,True,True,True,True
59.png,Fett/Fat,Fett/Fat,0.3,0.3,g,g,per_100g (100 g Pulver),per_100g,True,True,True,True,True
59.png,davon gesättigte Fettsäuren/of which Saturates,of which Saturates,<0.3,<0.3,g,g,per_100g (100 g Pulver),per_100g,True,True,True,True,True
59.png,Vitamin C,Vitamin C,300,300,mg,mg,per_100g (100 g Pulver),per_100g,True,True,True,True,True
59.png,Vitamin A (aus/from Provitamin A),Vitamin A (aus/from Provitamin A,1667,,µg RE,,per_100g (100 g Pulver),per_100g,False,False,True,False,False
59.png,Kohlenhydrate/Carbohydrate,Kohlenhydrate/Carbohydrate,13.3,13.3,g,g,per_daily_dose (1 Portion = 20 g Pulver),per_100g,True,True,False,True,False
59.png,Fett/Fat,Fett/Fat,<0.1,12.7,g,g,per_daily_dose (1 Portion = 20 g Pulver),per_100g,False,True,False,False,False
59.png,davon gesättigte Fettsäuren/of which Saturates,of which Saturates,<0.1,<0.1,g,g,per_daily_dose (1 Portion = 20 g Pulver),per_100g,True,True,False,True,False
59.png,Vitamin C,Vitamin C,60,60,mg,ug,per_daily_dose (1 Portion = 20 g Pulver),per_100g,True,False,False,False,False
6.png,VITAMIN C,VITAMIN C,28,28,mg,mg,per_serving (4 g),,True,True,False,True,False
6.png,MAGNESIUM,Magnesium,56,56,mg,mg,per_serving (4 g),,True,True,False,True,False
6.png,POTASSIUM,POTASSIUM,70,70,mg,mg,per_serving (4 g),,True,True,False,True,False
6.png,CALCIUM,Calcium,9,,mg,,per_serving (4 g),,False,False,False,False,False
6.png,SODIUM,SODIUM,200,200,mg,mg,per_serving (4 g),,True,True,False,True,False
64.png,Vitamin(e) C,Vitamin(e) C,50,50,mg,mg,per_daily_dose (1 Ampulle/flask + 2 Caps.),,True,True,False,True,False
64.png,Vitamin(e) B2,Vitamin(e) B2,0.6,0.6,mg,mg,per_daily_dose (1 Ampulle/flask + 2 Caps.),,True,True,False,True,False
64.png,Niacin(e),niacin,7.0,7.0,mg,mg,per_daily_dose (1 Ampulle/flask + 2 Caps.),,True,True,False,True,False
64.png,Vitamin(e) B6,Vitamin(e) B6,0.6,0.6,mg,mg,per_daily_dose (1 Ampulle/flask + 2 Caps.),,True,True,False,True,False
64.png,Vitamin(e) B12,Vitamin(e) B12,2.0,2.0,µg,g,per_daily_dose (1 Ampulle/flask + 2 Caps.),,True,False,False,False,False
64.png,Zink/zinc,Zink/zinc,3.0,3.0,mg,mg,per_daily_dose (1 Ampulle/flask + 2 Caps.),,True,True,False,True,False
78.jpeg,Vitamin D,rnit Vitamin D3,50,,µg,,per_serving (pro Kapsel),nahrstoff ipro kapsel,False,False,False,False,False
8.png,ENERGY,ENERGY kJ/kca,892,,kJ,,per_serving (Per Bar 60g),per_100g,False,False,False,False,False
8.png,PROTEIN,protein,2.2,2.2,g,,per_serving (Per Bar 60g),per_100g,True,False,False,False,False
8.png,FAT,FAT: (g,4.8,4.8,g,,per_serving (Per Bar 60g),per_100g,True,False,False,False,False
8.png,SATURATED FAT,- SATURATED FAT (g,3.4,,g,,per_serving (Per Bar 60g),per_100g,False,False,False,False,False
8.png,CARBOHYDRATE,carbohydrate,41,,g,,per_serving (Per Bar 60g),per_100g,False,False,False,False,False
8.png,SUGARS,-SUGARS (g,21,2823232,g,,per_serving (Per Bar 60g),per_100g,False,False,False,False,False
8.png,DIETARY FIBRE,dietary fibre,1.9,,g,,per_serving (Per Bar 60g),per_100g,False,False,False,False,False
8.png,SODIUM,SODIUM (mg,43,,mg,,per_serving (Per Bar 60g),per_100g,False,False,False,False,False
8.png,PROTEIN,protein,3.7,3.7,g,,per_100g,per_100g,True,False,True,False,False
8.png,FAT,FAT: (g,7.9,7.9,g,,per_100g,per_100g,True,False,True,False,False
8.png,SUGARS,-SUGARS (g,35,21271,g,,per_100g,per_100g,False,False,True,False,False
82.jpeg,Energy,Energy,0,,kJ,,per_100g,per_serving,False,False,False,False,False
82.jpeg,Protein,Protein,0,60,g,,per_100g,per_serving,False,False,False,False,False
82.jpeg,Carbohydrates,Carbohydrates,0,60,g,,per_100g,per_100g,False,False,True,False,False
82.jpeg,Fat,Fat,0,60,g,,per_100g,per_100g,False,False,True,False,False
82.jpeg,Creatine monohydrate,Creatine,100,,g,,per_100g,per_serving,False,False,False,False,False
88.png,Fett/lipides/fat/grassi,Fett/lipides/fat/grassi,0.7,23455,g,g,per_100ml,per_100ml,False,True,True,False,False
88.png,davon gesättigte Fettsäuren/of which saturated fatty acids,of which saturated fatty acids,0.5,330,g,ml,per_100ml,per_serving,False,False,False,False,False
88.png,Kohlenhydrate/glucides/carbohydrates/carboidrati,Kohlenhydrate/glucides,4.1,4.1,g,g,per_100ml,per_100ml,True,True,True,False,False
88.png,Eiweiss/protein(e)/protéines,Eiweiss/protein(e)/protéines,8.0,8.0,g,g,per_100ml,per_100ml,True,True,True,True,True
88.png,Fett/lipides/fat/grassi,Fett/lipides/fat/grassi,2.3,0.5,g,g,per_serving (330 ML),per_100ml,False,True,False,False,False
88.png,Kohlenhydrate/glucides/carbohydrates/carboidrati,Kohlenhydrate/glucides,13,13,g,g,per_serving (330 ML),per_serving,True,True,True,False,False
9.jpeg,Zink,Zink,5,,mg,,per_serving (pro 1 Tablette),per_serving,False,False,True,False,False
9.jpeg,Vitamin C,Vitamin C,30,,mg,,per_serving (pro 1 Tablette),per_serving,False,False,True,False,False
9.jpeg,Vitamin C,Vitamin Czuachten,60,,mg,,per_daily_dose (pro 2 Tabletten),per_serving,False,False,False,False,False
90.png,Energie/energy kJ (kcal),Energie/energy kJ (kcal,192,192,kJ,g,per_100ml,per_100ml,True,False,True,False,False
90.png,Energie/energy kJ (kcal),Energie/energy kJ (kcal,45,60,kcal,ml,per_100ml,per_100ml,False,False,True,False,False
90.png,Fett/lipides/fat,Fett/lipides/fat,< 0.1,<0.1,g,g,per_100ml,per_100ml,True,True,True,True,True
90.png,davon gesättigte Fettsäuren/of which saturated fatty acids,of which saturated fatty acids,< 0.1,,g,,per_100ml,per_100ml,False,True,True,False,False
90.png,Kohlenhydrate/glucides/carbohydrates,Kohlenhydrate/glucides/carbohydrates,10,10,g,g,per_100ml,per_100ml,True,True,True,True,True
90.png,davon Zuckerarten/of which sugars,davon Zuckerarten/of which sugars,10,10,g,g,per_100ml,per_100ml,True,True,True,True,True
90.png,Salz/sel/salt,Salz/sel/salt,0.16,,g,,per_100ml,per_100ml,False,False,True,False,False
90.png,Fett/lipides/fat,Fett/lipides/fat,0,115,g,g,per_daily_dose (2 Shots (60 ml)),per_100ml,False,True,False,False,False
90.png,Kohlenhydrate/glucides/carbohydrates,Kohlenhydrate/glucides/carbohydrates,6.0,6.0,g,g,per_daily_dose (2 Shots (60 ml)),per_100ml,True,True,False,True,False
90.png,davon Zuckerarten/of which sugars,davon Zuckerarten/of which sugars,6.0,0.10,g,g,per_daily_dose (2 Shots (60 ml)),per_100ml,False,True,False,False,False
91.png,Energie/energy/energia kJ (kcal),Energie/energy/energia kJ (kcal,234,330,kJ,ml,per_100ml,per_100ml,False,False,True,False,False
91.png,Energie/energy/energia kJ (kcal),Energie/energy/energia kJ (kcal,55,1.6,kcal,g,per_100ml,per_100ml,False,False,True,False,False
91.png,Fett/lipides/fat/grassi,Fett/lipides/fat/grassi,0.7,772,g,g,per_100ml,per_100ml,False,True,True,False,False
91.png,davon gesättigte Fettsäuren/of which saturated fatty acids,of which saturated fatty acids,0.5,13,g,g,per_100ml,per_100ml,False,True,True,False,False
91.png,Kohlenhydrate/glucides/carbohydrates/carboidrati,carbohydrates/carboidrati,4.1,26,g,g,per_100ml,per_100ml,False,True,True,False,False
91.png,davon Zuckerarten/of which sugars,davon Zuckerarten/of which sugars,8.5,0.10,g,g,per_100ml,per_100ml,False,True,True,False,False
91.png,Eiweiss/protein(e)/protéines,Eiweiss/protein(e)/protéines,8.0,,g,,per_100ml,per_100ml,False,False,True,False,False
91.png,Salz/sel/salt/sale**,Salz/sel/salt/sale,0.10,11,g,g,per_100ml,per_100ml,False,True,True,False,False
91.png,Energie/energy/energia kJ (kcal),Energie/energy/energia kJ (kcal,772,0.5,kJ,g,per_serving (PER DRINK (330 ML)),per_100ml,False,False,False,False,False
91.png,davon gesättigte Fettsäuren/of which saturated fatty acids,of which saturated fatty acids,1.6,4.1,g,g,per_serving (PER DRINK (330 ML)),per_100ml,False,True,False,False,False
91.png,Kohlenhydrate/glucides/carbohydrates/carboidrati,carbohydrates/carboidrati,13,8.0,g,g,per_serving (PER DRINK (330 ML)),per_100ml,False,True,False,False,False
91.png,Salz/sel/salt/sale**,Salz/sel/salt/sale,0.33,8.5,g,g,per_serving (PER DRINK (330 ML)),per_100ml,False,True,False,False,False
