image_id,token,context,rule_label,nutrient_score,second_best_score,second_best_cat,quantity_score,unit_score,context_score,noise_score,margin_actual,gt_label,current_pred,gt_label_old
1.png,VR,VR,,0.535,0.5083,NOISE,0.4595,0.4361,0.4144,0.5083,0.0267,0,0,0
1.png,Nahrstoffe**,Nahrstoffe**,,0.6132,0.5234,NOISE,0.458,0.3878,0.4434,0.5234,0.0899,0,0,0
1.png,Magnesium (gesamt),Magnesium (gesamt),,0.7631,0.4645,UNIT,0.4087,0.4645,0.4503,0.4136,0.2986,1,1,0
1.png,Magnesiumoxid,Magnesiumoxid 400 mg,,0.873,0.4433,CONTEXT,0.409,0.4397,0.4433,0.4166,0.4297,1,1,1
1.png,Magnesiumbisglycinat,Magnesiumbisglycinat,,0.6973,0.4291,UNIT,0.3976,0.4291,0.4066,0.4194,0.2682,1,1,1
1.png,Magnesiummalat,Magnesiummalat 333 mg,,0.7067,0.4666,QUANTITY,0.4666,0.4453,0.4572,0.4402,0.2402,1,1,1
1.png,**,**,,0.4774,0.5012,NOISE,0.4425,0.3936,0.4365,0.5012,-0.0238,0,0,0
1.png,Nahr,Nahr,,0.615,0.451,NOISE,0.4198,0.2838,0.3475,0.451,0.164,0,1,0
1.png,**,**,,0.4774,0.5012,NOISE,0.4425,0.3936,0.4365,0.5012,-0.0238,0,0,0
2.png,Energie/energy kJ (kcal),Energie/energy kJ (kcal),,0.6816,0.6323,UNIT,0.4619,0.6323,0.4355,0.4488,0.0493,1,0,0
2.png,Fett/fat,Fett/fat,,0.7402,0.5325,NOISE,0.4382,0.4359,0.5007,0.5325,0.2077,1,1,0
2.png,davon gesattigte Fettsauren/,davon gesattigte Fettsauren/,,0.7336,0.4638,CONTEXT,0.3838,0.3515,0.4638,0.4619,0.2699,1,1,0
2.png,of which saturates,of which saturates,,1.0,0.4551,NOISE,0.3902,0.3778,0.4067,0.4551,0.5449,1,1,0
2.png,Kohlenhydrate/carbohydrates,Kohlenhydrate/carbohydrates,,0.8441,0.5498,NOISE,0.4883,0.4713,0.4789,0.5498,0.2944,1,1,0
2.png,davon Zuckerarten/of which sugars,davon Zuckerarten/of which sugars,,0.7717,0.4735,QUANTITY,0.4735,0.4143,0.4316,0.4516,0.2982,1,1,0
2.png,Eiweiss/Protein,Eiweiss/Protein,,0.7622,0.5133,NOISE,0.4021,0.3967,0.463,0.5133,0.2489,1,1,0
2.png,Salz/salt,Salz/salt,,0.6957,0.562,NOISE,0.4619,0.4329,0.4856,0.562,0.1336,1,1,0
4.png,50572977>,50572977>,,0.4312,0.4987,NOISE,0.409,0.4066,0.4544,0.4987,-0.0675,0,0,0
4.png,UK,DK/NO/SE NL/SE FR/BE ES PT FI IT UK,,0.4527,0.4881,NOISE,0.4246,0.4756,0.4309,0.4881,-0.0354,0,0,0
4.png,PT,DK/NO/SE NL/SE FR/BE ES PT FI IT UK,,0.4527,0.4881,NOISE,0.4246,0.4756,0.4309,0.4881,-0.0354,0,0,0
4.png,FI,DK/NO/SE NL/SE FR/BE ES PT FI IT UK,,0.4527,0.4881,NOISE,0.4246,0.4756,0.4309,0.4881,-0.0354,0,0,0
4.png,IT,DK/NO/SE NL/SE FR/BE ES PT FI IT UK,,0.4527,0.4881,NOISE,0.4246,0.4756,0.4309,0.4881,-0.0354,0,0,0
4.png,ES,DK/NO/SE NL/SE FR/BE ES PT FI IT UK,,0.4527,0.4881,NOISE,0.4246,0.4756,0.4309,0.4881,-0.0354,0,0,0
4.png,NL/SE,DK/NO/SE NL/SE FR/BE ES PT FI IT UK,,0.4527,0.4881,NOISE,0.4246,0.4756,0.4309,0.4881,-0.0354,0,0,0
4.png,FR/BE,DK/NO/SE NL/SE FR/BE ES PT FI IT UK,,0.4527,0.4881,NOISE,0.4246,0.4756,0.4309,0.4881,-0.0354,0,0,0
4.png,DK/NO/SE,DK/NO/SE NL/SE FR/BE ES PT FI IT UK,,0.4527,0.4881,NOISE,0.4246,0.4756,0.4309,0.4881,-0.0354,0,0,0
4.png,DE/AT/CH,DE/AT/CH PR.100g,,0.5377,0.5613,CONTEXT,0.4716,0.4074,0.5613,0.4522,-0.0235,0,0,0
4.png,NUTRITIONINFO,NAERINGSINDHOLD VOEDINGSWAARDEN INFONUTRITIONELLE INFO NUTRICIONAL INFO NUTRICIONAL RAVINTOSISALTO VALORI NUTRIZIONALI NUTRITIONINFO,,0.521,0.5511,CONTEXT,0.4182,0.3985,0.5511,0.4967,-0.0301,0,0,0
4.png,VALORI NUTRIZIONALI,NAERINGSINDHOLD VOEDINGSWAARDEN INFONUTRITIONELLE INFO NUTRICIONAL INFO NUTRICIONAL RAVINTOSISALTO VALORI NUTRIZIONALI NUTRITIONINFO,,0.521,0.5511,CONTEXT,0.4182,0.3985,0.5511,0.4967,-0.0301,0,0,0
4.png,INFO NUTRICIONAL,NAERINGSINDHOLD VOEDINGSWAARDEN INFONUTRITIONELLE INFO NUTRICIONAL INFO NUTRICIONAL RAVINTOSISALTO VALORI NUTRIZIONALI NUTRITIONINFO,,0.521,0.5511,CONTEXT,0.4182,0.3985,0.5511,0.4967,-0.0301,0,0,0
4.png,RAVINTOSISALTO,NAERINGSINDHOLD VOEDINGSWAARDEN INFONUTRITIONELLE INFO NUTRICIONAL INFO NUTRICIONAL RAVINTOSISALTO VALORI NUTRIZIONALI NUTRITIONINFO,,0.521,0.5511,CONTEXT,0.4182,0.3985,0.5511,0.4967,-0.0301,0,0,0
4.png,INFO NUTRICIONAL,NAERINGSINDHOLD VOEDINGSWAARDEN INFONUTRITIONELLE INFO NUTRICIONAL INFO NUTRICIONAL RAVINTOSISALTO VALORI NUTRIZIONALI NUTRITIONINFO,,0.521,0.5511,CONTEXT,0.4182,0.3985,0.5511,0.4967,-0.0301,0,0,0
4.png,VOEDINGSWAARDEN,NAERINGSINDHOLD VOEDINGSWAARDEN INFONUTRITIONELLE INFO NUTRICIONAL INFO NUTRICIONAL RAVINTOSISALTO VALORI NUTRIZIONALI NUTRITIONINFO,,0.521,0.5511,CONTEXT,0.4182,0.3985,0.5511,0.4967,-0.0301,0,0,0
4.png,INFONUTRITIONELLE,NAERINGSINDHOLD VOEDINGSWAARDEN INFONUTRITIONELLE INFO NUTRICIONAL INFO NUTRICIONAL RAVINTOSISALTO VALORI NUTRIZIONALI NUTRITIONINFO,,0.521,0.5511,CONTEXT,0.4182,0.3985,0.5511,0.4967,-0.0301,0,0,0
4.png,NAERINGSINDHOLD,NAERINGSINDHOLD VOEDINGSWAARDEN INFONUTRITIONELLE INFO NUTRICIONAL INFO NUTRICIONAL RAVINTOSISALTO VALORI NUTRIZIONALI NUTRITIONINFO,,0.521,0.5511,CONTEXT,0.4182,0.3985,0.5511,0.4967,-0.0301,0,0,0
4.png,NAHRWERTE,NAHRWERTE,,0.5128,0.4917,NOISE,0.4228,0.3483,0.3784,0.4917,0.0211,0,0,0
4.png,ENERGY,Energie VALOR ENERGETICO energie energie VALORE ENERGETICO ENERGY 952 224 kcal,,0.6517,0.5095,UNIT,0.4365,0.5095,0.405,0.3778,0.1423,1,1,1
4.png,VALORE ENERGETICO,Energie VALOR ENERGETICO energie energie VALORE ENERGETICO ENERGY 952 224 kcal,,0.6517,0.5095,UNIT,0.4365,0.5095,0.405,0.3778,0.1423,0,1,0
4.png,VALOR ENERGETICO,Energie VALOR ENERGETICO energie energie VALORE ENERGETICO ENERGY 952 224 kcal,,0.6517,0.5095,UNIT,0.4365,0.5095,0.405,0.3778,0.1423,0,1,0
4.png,energie,Energie VALOR ENERGETICO energie energie VALORE ENERGETICO ENERGY 952 224 kcal,,0.6517,0.5095,UNIT,0.4365,0.5095,0.405,0.3778,0.1423,0,1,0
4.png,energie,Energie VALOR ENERGETICO energie energie VALORE ENERGETICO ENERGY 952 224 kcal,,0.6517,0.5095,UNIT,0.4365,0.5095,0.405,0.3778,0.1423,0,1,0
4.png,Energie,Energie VALOR ENERGETICO energie energie VALORE ENERGETICO ENERGY 952 224 kcal,,0.6517,0.5095,UNIT,0.4365,0.5095,0.405,0.3778,0.1423,0,1,0
4.png,energie,Energie energie Energie,,0.8583,0.5456,NOISE,0.4102,0.432,0.4343,0.5456,0.3126,0,1,0
4.png,Energie,Energie energie Energie,,0.8583,0.5456,NOISE,0.4102,0.432,0.4343,0.5456,0.3126,0,1,0
4.png,Energie,Energie energie Energie,,0.8583,0.5456,NOISE,0.4102,0.432,0.4343,0.5456,0.3126,0,1,0
4.png,FAT,VETTEN GRAISSES GRASAS lipides PASVAT GRASSI FAT 0 g,,0.5717,0.4018,CONTEXT,0.3647,0.3635,0.4018,0.3784,0.1699,1,1,1
4.png,GRASSI,VETTEN GRAISSES GRASAS lipides PASVAT GRASSI FAT 0 g,,0.5717,0.4018,CONTEXT,0.3647,0.3635,0.4018,0.3784,0.1699,0,1,0
4.png,PASVAT,VETTEN GRAISSES GRASAS lipides PASVAT GRASSI FAT 0 g,,0.5717,0.4018,CONTEXT,0.3647,0.3635,0.4018,0.3784,0.1699,0,1,0
4.png,lipides,VETTEN GRAISSES GRASAS lipides PASVAT GRASSI FAT 0 g,,0.5717,0.4018,CONTEXT,0.3647,0.3635,0.4018,0.3784,0.1699,0,1,0
4.png,GRASAS,VETTEN GRAISSES GRASAS lipides PASVAT GRASSI FAT 0 g,,0.5717,0.4018,CONTEXT,0.3647,0.3635,0.4018,0.3784,0.1699,0,1,0
4.png,GRAISSES,VETTEN GRAISSES GRASAS lipides PASVAT GRASSI FAT 0 g,,0.5717,0.4018,CONTEXT,0.3647,0.3635,0.4018,0.3784,0.1699,0,1,0
4.png,VETTEN,VETTEN GRAISSES GRASAS lipides PASVAT GRASSI FAT 0 g,,0.5717,0.4018,CONTEXT,0.3647,0.3635,0.4018,0.3784,0.1699,0,1,0
4.png,FEDT,FETT FEDT,,0.6621,0.5152,NOISE,0.3626,0.3603,0.4174,0.5152,0.1469,0,1,0
4.png,FETT,FETT FEDT,,0.6621,0.5152,NOISE,0.3626,0.3603,0.4174,0.5152,0.1469,0,1,0
4.png,saturates,DE LAS CUALES DONTACIDES WAARVAN PASVA DI CUI DOSQUAS saturates,,0.6727,0.4441,CONTEXT,0.439,0.3402,0.4441,0.372,0.2286,1,1,1
4.png,DI CUI DOSQUAS,DE LAS CUALES DONTACIDES WAARVAN PASVA DI CUI DOSQUAS saturates,,0.6727,0.4441,CONTEXT,0.439,0.3402,0.4441,0.372,0.2286,0,1,0
4.png,PASVA,DE LAS CUALES DONTACIDES WAARVAN PASVA DI CUI DOSQUAS saturates,,0.6727,0.4441,CONTEXT,0.439,0.3402,0.4441,0.372,0.2286,0,1,0
4.png,DE LAS CUALES DONTACIDES WAARVAN,DE LAS CUALES DONTACIDES WAARVAN PASVA DI CUI DOSQUAS saturates,,0.6727,0.4441,CONTEXT,0.439,0.3402,0.4441,0.372,0.2286,0,1,0
4.png,HERAF MAETTEDE,davon gesattigte HERAF MAETTEDE,,0.4445,0.4214,NOISE,0.2848,0.2528,0.3286,0.4214,0.0232,0,0,0
4.png,davon gesattigte,davon gesattigte HERAF MAETTEDE,,0.4445,0.4214,NOISE,0.2848,0.2528,0.3286,0.4214,0.0232,0,0,0
4.png,saturates,verzadigde vetzuren GRASSATURES SATURALAS SATURATES DYTTYNEITA DI TURI saturates 0 g,,0.5586,0.4186,CONTEXT,0.391,0.347,0.4186,0.3884,0.14,1,1,1
4.png,DYTTYNEITA,verzadigde vetzuren GRASSATURES SATURALAS SATURATES DYTTYNEITA DI TURI saturates 0 g,,0.5586,0.4186,CONTEXT,0.391,0.347,0.4186,0.3884,0.14,0,1,0
4.png,DI TURI,verzadigde vetzuren GRASSATURES SATURALAS SATURATES DYTTYNEITA DI TURI saturates 0 g,,0.5586,0.4186,CONTEXT,0.391,0.347,0.4186,0.3884,0.14,0,1,0
4.png,SATURALAS,verzadigde vetzuren GRASSATURES SATURALAS SATURATES DYTTYNEITA DI TURI saturates 0 g,,0.5586,0.4186,CONTEXT,0.391,0.347,0.4186,0.3884,0.14,0,1,0
4.png,SATURATES,verzadigde vetzuren GRASSATURES SATURALAS SATURATES DYTTYNEITA DI TURI saturates 0 g,,0.5586,0.4186,CONTEXT,0.391,0.347,0.4186,0.3884,0.14,1,1,1
4.png,verzadigde vetzuren,verzadigde vetzuren GRASSATURES SATURALAS SATURATES DYTTYNEITA DI TURI saturates 0 g,,0.5586,0.4186,CONTEXT,0.391,0.347,0.4186,0.3884,0.14,0,1,0
4.png,GRASSATURES,verzadigde vetzuren GRASSATURES SATURALAS SATURATES DYTTYNEITA DI TURI saturates 0 g,,0.5586,0.4186,CONTEXT,0.391,0.347,0.4186,0.3884,0.14,0,1,0
4.png,FEDTSYRER,Fettsauren FEDTSYRER,,0.6437,0.411,NOISE,0.3157,0.3195,0.361,0.411,0.2327,0,1,0
4.png,Fettsauren,Fettsauren FEDTSYRER,,0.6437,0.411,NOISE,0.3157,0.3195,0.361,0.411,0.2327,0,1,0
4.png,carbohydrates,KOOLHYDRATEN glucides HIDRATOSDE CABBONO HIDRATOS DE CABBONO HUL/HYDRAATTI carbohydrate carbohydrates 56 g,,0.5804,0.4461,UNIT,0.4177,0.4461,0.391,0.3916,0.1343,1,1,1
4.png,carbohydrate,KOOLHYDRATEN glucides HIDRATOSDE CABBONO HIDRATOS DE CABBONO HUL/HYDRAATTI carbohydrate carbohydrates 56 g,,0.5804,0.4461,UNIT,0.4177,0.4461,0.391,0.3916,0.1343,1,1,1
4.png,HUL/HYDRAATTI,KOOLHYDRATEN glucides HIDRATOSDE CABBONO HIDRATOS DE CABBONO HUL/HYDRAATTI carbohydrate carbohydrates 56 g,,0.5804,0.4461,UNIT,0.4177,0.4461,0.391,0.3916,0.1343,0,1,0
4.png,HIDRATOS DE CABBONO,KOOLHYDRATEN glucides HIDRATOSDE CABBONO HIDRATOS DE CABBONO HUL/HYDRAATTI carbohydrate carbohydrates 56 g,,0.5804,0.4461,UNIT,0.4177,0.4461,0.391,0.3916,0.1343,0,1,0
4.png,HIDRATOSDE CABBONO,KOOLHYDRATEN glucides HIDRATOSDE CABBONO HIDRATOS DE CABBONO HUL/HYDRAATTI carbohydrate carbohydrates 56 g,,0.5804,0.4461,UNIT,0.4177,0.4461,0.391,0.3916,0.1343,0,1,0
4.png,glucides,KOOLHYDRATEN glucides HIDRATOSDE CABBONO HIDRATOS DE CABBONO HUL/HYDRAATTI carbohydrate carbohydrates 56 g,,0.5804,0.4461,UNIT,0.4177,0.4461,0.391,0.3916,0.1343,0,1,0
4.png,KOOLHYDRATEN,KOOLHYDRATEN glucides HIDRATOSDE CABBONO HIDRATOS DE CABBONO HUL/HYDRAATTI carbohydrate carbohydrates 56 g,,0.5804,0.4461,UNIT,0.4177,0.4461,0.391,0.3916,0.1343,0,1,0
4.png,KULHYDRAT,Kohlenhydrate KULHYDRAT,,0.7159,0.4431,NOISE,0.3886,0.4178,0.3832,0.4431,0.2728,0,1,0
4.png,Kohlenhydrate,Kohlenhydrate KULHYDRAT,,0.7159,0.4431,NOISE,0.3886,0.4178,0.3832,0.4431,0.2728,0,1,0
4.png,DI CUI ZUCCHERI,DONT SUCRES WAARVAN SUIKERS HERAF SUKKERARTER DELOSCUALESAZUCARES DOS QUAIS ACUCARES JOISTA SOKERETTA DI CUI ZUCCHERI OFWHICHRUGARS 6.7 g,,0.5726,0.4699,CONTEXT,0.4395,0.3621,0.4699,0.4357,0.1028,0,1,0
4.png,OFWHICHRUGARS,DONT SUCRES WAARVAN SUIKERS HERAF SUKKERARTER DELOSCUALESAZUCARES DOS QUAIS ACUCARES JOISTA SOKERETTA DI CUI ZUCCHERI OFWHICHRUGARS 6.7 g,,0.5726,0.4699,CONTEXT,0.4395,0.3621,0.4699,0.4357,0.1028,0,1,0
4.png,DOS QUAIS ACUCARES,DONT SUCRES WAARVAN SUIKERS HERAF SUKKERARTER DELOSCUALESAZUCARES DOS QUAIS ACUCARES JOISTA SOKERETTA DI CUI ZUCCHERI OFWHICHRUGARS 6.7 g,,0.5726,0.4699,CONTEXT,0.4395,0.3621,0.4699,0.4357,0.1028,0,1,0
4.png,JOISTA SOKERETTA,DONT SUCRES WAARVAN SUIKERS HERAF SUKKERARTER DELOSCUALESAZUCARES DOS QUAIS ACUCARES JOISTA SOKERETTA DI CUI ZUCCHERI OFWHICHRUGARS 6.7 g,,0.5726,0.4699,CONTEXT,0.4395,0.3621,0.4699,0.4357,0.1028,0,1,0
4.png,DELOSCUALESAZUCARES,DONT SUCRES WAARVAN SUIKERS HERAF SUKKERARTER DELOSCUALESAZUCARES DOS QUAIS ACUCARES JOISTA SOKERETTA DI CUI ZUCCHERI OFWHICHRUGARS 6.7 g,,0.5726,0.4699,CONTEXT,0.4395,0.3621,0.4699,0.4357,0.1028,0,1,0
4.png,DONT SUCRES WAARVAN SUIKERS HERAF SUKKERARTER,DONT SUCRES WAARVAN SUIKERS HERAF SUKKERARTER DELOSCUALESAZUCARES DOS QUAIS ACUCARES JOISTA SOKERETTA DI CUI ZUCCHERI OFWHICHRUGARS 6.7 g,,0.5726,0.4699,CONTEXT,0.4395,0.3621,0.4699,0.4357,0.1028,0,1,0
4.png,DAVON ZUCKER,DAVON ZUCKER,,0.5995,0.3612,NOISE,0.308,0.2604,0.3303,0.3612,0.2384,0,1,0
4.png,PROTEIN,PROTEINES protein proteins protein proteines PROTEIN 0.1a,,0.6154,0.4419,QUANTITY,0.4419,0.4237,0.4156,0.4111,0.1735,1,1,1
4.png,proteines,PROTEINES protein proteins protein proteines PROTEIN 0.1a,,0.6154,0.4419,QUANTITY,0.4419,0.4237,0.4156,0.4111,0.1735,1,1,1
4.png,0.1a,PROTEINES protein proteins protein proteines PROTEIN 0.1a,,0.6154,0.4419,QUANTITY,0.4419,0.4237,0.4156,0.4111,0.1735,0,1,0
4.png,proteins,PROTEINES protein proteins protein proteines PROTEIN 0.1a,,0.6154,0.4419,QUANTITY,0.4419,0.4237,0.4156,0.4111,0.1735,1,1,1
4.png,protein,PROTEINES protein proteins protein proteines PROTEIN 0.1a,,0.6154,0.4419,QUANTITY,0.4419,0.4237,0.4156,0.4111,0.1735,1,1,1
4.png,protein,PROTEINES protein proteins protein proteines PROTEIN 0.1a,,0.6154,0.4419,QUANTITY,0.4419,0.4237,0.4156,0.4111,0.1735,1,1,1
4.png,PROTEINES,PROTEINES protein proteins protein proteines PROTEIN 0.1a,,0.6154,0.4419,QUANTITY,0.4419,0.4237,0.4156,0.4111,0.1735,1,1,1
4.png,EIWITTEN,eiweiss PROTEIN EIWITTEN,,0.704,0.4313,NOISE,0.3585,0.385,0.4293,0.4313,0.2728,0,1,0
4.png,PROTEIN,eiweiss PROTEIN EIWITTEN,,0.704,0.4313,NOISE,0.3585,0.385,0.4293,0.4313,0.2728,1,1,1
4.png,eiweiss,eiweiss PROTEIN EIWITTEN,,0.704,0.4313,NOISE,0.3585,0.385,0.4293,0.4313,0.2728,0,1,0
4.png,SALE,SEL SAL SAL SUOLA SALE SALT 0.12 g,,0.6533,0.4634,UNIT,0.4197,0.4634,0.4375,0.4199,0.1899,0,1,0
4.png,SALT,SEL SAL SAL SUOLA SALE SALT 0.12 g,,0.6533,0.4634,UNIT,0.4197,0.4634,0.4375,0.4199,0.1899,1,1,1
4.png,SUOLA,SEL SAL SAL SUOLA SALE SALT 0.12 g,,0.6533,0.4634,UNIT,0.4197,0.4634,0.4375,0.4199,0.1899,0,1,0
4.png,SAL,SEL SAL SAL SUOLA SALE SALT 0.12 g,,0.6533,0.4634,UNIT,0.4197,0.4634,0.4375,0.4199,0.1899,1,1,1
4.png,SAL,SEL SAL SAL SUOLA SALE SALT 0.12 g,,0.6533,0.4634,UNIT,0.4197,0.4634,0.4375,0.4199,0.1899,1,1,1
4.png,SEL,SEL SAL SAL SUOLA SALE SALT 0.12 g,,0.6533,0.4634,UNIT,0.4197,0.4634,0.4375,0.4199,0.1899,0,1,0
4.png,ZCUT,SALT SALT ZCUT,,0.6522,0.5005,NOISE,0.3666,0.3626,0.4139,0.5005,0.1517,0,1,0
4.png,SALT,SALT SALT ZCUT,,0.6522,0.5005,NOISE,0.3666,0.3626,0.4139,0.5005,0.1517,1,1,1
4.png,SALT,SALT SALT ZCUT,,0.6522,0.5005,NOISE,0.3666,0.3626,0.4139,0.5005,0.1517,1,1,1
6.png,UK,UK,,0.5362,0.4813,NOISE,0.3799,0.3827,0.3999,0.4813,0.0548,0,0,0
6.png,NUTRITIONNFO,NUTRITIONNFO,,0.5723,0.5774,CONTEXT,0.431,0.3954,0.5774,0.5691,-0.0051,0,0,0
6.png,VITAMIN C,VITAMIN C,,0.89,0.4598,NOISE,0.3974,0.3712,0.4488,0.4598,0.4301,1,1,1
6.png,Magnesium,Magnesium,,1.0,0.4981,NOISE,0.4334,0.4176,0.4175,0.4981,0.5019,1,1,1
6.png,POTASSIUM,POTASSIUM,,0.6629,0.4459,NOISE,0.3984,0.3808,0.433,0.4459,0.217,1,1,1
6.png,Calcium,Calcium,,1.0,0.4972,NOISE,0.3876,0.405,0.3997,0.4972,0.5028,1,1,1
6.png,SODIUM,SODIUM,,0.62,0.4426,NOISE,0.3937,0.4047,0.3975,0.4426,0.1774,1,1,1
6.png,GREEN TEA,GREEN TEA,,0.5267,0.5273,NOISE,0.3834,0.3718,0.4556,0.5273,-0.0006,1,0,0
8.png,TYPICAL VALUES,TYPICAL VALUES,,0.5316,0.5463,QUANTITY,0.5463,0.4483,0.4281,0.4929,-0.0147,0,0,0
8.png,ENERGY kJ/kca,ENERGY kJ/kca 892/2131486/355,,0.5144,0.5154,NOISE,0.418,0.467,0.4364,0.5154,-0.0011,1,0,0
8.png,892/2131486/355,ENERGY kJ/kca 892/2131486/355,,0.5144,0.5154,NOISE,0.418,0.467,0.4364,0.5154,-0.0011,0,0,0
8.png,protein,protein 2.2 3.7,,0.6786,0.479,CONTEXT,0.4379,0.416,0.479,0.4754,0.1996,1,1,1
8.png,FAT: (g),FAT: (g) 4.8 7.9,,0.6679,0.4785,UNIT,0.4784,0.4785,0.4637,0.4659,0.1894,1,1,0
8.png,- SATURATED FAT (g),- SATURATED FAT (g),,0.6478,0.4584,NOISE,0.4431,0.4353,0.4485,0.4584,0.1894,1,1,0
8.png,carbohydrate,carbohydrate,,0.9482,0.5852,NOISE,0.4791,0.4866,0.482,0.5852,0.363,1,1,1
8.png,-SUGARS (g),-SUGARS (g) 21271 2823232,,0.6137,0.487,UNIT,0.4228,0.487,0.4488,0.4645,0.1267,1,1,0
8.png,dietary fibre,dietary fibre,,0.7529,0.5579,CONTEXT,0.4548,0.4078,0.5579,0.5269,0.195,1,1,0
8.png,SODIUM (mg),SODIUM (mg),,0.6119,0.5133,UNIT,0.4517,0.5133,0.4778,0.3973,0.0986,1,0,0
9.jpeg,und in Zeiten ertohten Bedarts ist auf eine ausreichende Ven,Vitamin Czuachten und in Zeiten ertohten Bedarts ist auf eine ausreichende Ven,,0.596,0.4231,NOISE,0.3481,0.3053,0.3939,0.4231,0.173,0,1,0
9.jpeg,Vitamin Czuachten,Vitamin Czuachten und in Zeiten ertohten Bedarts ist auf eine ausreichende Ven,,0.596,0.4231,NOISE,0.3481,0.3053,0.3939,0.4231,0.173,1,1,0
9.jpeg,Nahrwertangaben,Zink Nahrwertangaben 5 pro1 Tablette mg 10mg.(100% pro 2 Tabletten,,0.7076,0.4988,CONTEXT,0.4838,0.4184,0.4988,0.4716,0.2089,0,1,0
9.jpeg,Zink,Zink Nahrwertangaben 5 pro1 Tablette mg 10mg.(100% pro 2 Tabletten,,0.7076,0.4988,CONTEXT,0.4838,0.4184,0.4988,0.4716,0.2089,1,1,1
9.jpeg,10mg.(100%,Zink Nahrwertangaben 5 pro1 Tablette mg 10mg.(100% pro 2 Tabletten,,0.7076,0.4988,CONTEXT,0.4838,0.4184,0.4988,0.4716,0.2089,0,1,0
9.jpeg,Vitamin C,Vitamin C 30 %der Referenzmenge gema3 Verordnung EU) Nr.1169/2011 mg 60 mg,,0.6707,0.5035,UNIT,0.4745,0.5035,0.4799,0.4618,0.1672,1,1,1
9.jpeg,%der Referenzmenge gema3 Verordnung EU) Nr.1169/2011,Vitamin C 30 %der Referenzmenge gema3 Verordnung EU) Nr.1169/2011 mg 60 mg,,0.6707,0.5035,UNIT,0.4745,0.5035,0.4799,0.4618,0.1672,0,1,0
12.png,Bilinar.,Bilinar.,,0.4859,0.4562,UNIT,0.4491,0.4562,0.4133,0.4477,0.0297,0,0,0
12.png,Forvaras kallt och tart fore anvanding.,Forvaras kallt och tart fore anvanding. per serving,,0.514,0.6447,NOISE,0.4369,0.4558,0.5793,0.6447,-0.1307,0,0,0
12.png,Energy / Energia / Energin / Energi 7,Energy / Energia / Energin / Energi 7 547 kJ 328 kJ,,0.639,0.5394,UNIT,0.4272,0.5394,0.4264,0.4285,0.0996,1,0,0
12.png,Energie / Energi,Energie / Energi 129 kcal 77 kcal,,0.6725,0.582,UNIT,0.4678,0.582,0.4743,0.4875,0.0905,1,0,0
12.png,Fatten/ Rasva / Matiéres grasses / Fett/ Tlustcze / Fett,Fatten/ Rasva / Matiéres grasses / Fett/ Tlustcze / Fett 0.0 g 0.0 g,,0.5978,0.4556,NOISE,0.4419,0.4261,0.4533,0.4556,0.1423,1,1,0
12.png,waarvan verzadigd vetzuren / josta tyydytymeiden raswojen,waarvan verzadigd vetzuren / josta tyydytymeiden raswojen 0.0 g 0.0 g,,0.6027,0.483,CONTEXT,0.452,0.4225,0.483,0.4212,0.1197,1,1,0
12.png,esaud / dont matiéres grasses saturées / med andel,esaud / dont matiéres grasses saturées / med andel,,0.5817,0.5103,CONTEXT,0.4388,0.4297,0.5103,0.4877,0.0713,1,0,0
12.png,sattnat fett / w tym tluszcze nasycone / varav mattat fat,sattnat fett / w tym tluszcze nasycone / varav mattat fat,,0.6179,0.4529,CONTEXT,0.4175,0.4025,0.4529,0.4503,0.165,1,1,0
12.png,Koolhydraten / Hillhydraatit / Glucides / Karbohydrater /,Koolhydraten / Hillhydraatit / Glucides / Karbohydrater / 32 g 19 g,,0.6471,0.5195,UNIT,0.4905,0.5195,0.4404,0.4299,0.1276,1,1,0
12.png,Weglowodany 7 Kolhydrater,Weglowodany 7 Kolhydrater,,0.6602,0.4545,NOISE,0.3614,0.3655,0.3601,0.4545,0.2057,1,1,0
12.png,waarvan sukers / josta sokereiden osuus / dont sucres /,waarvan sukers / josta sokereiden osuus / dont sucres / 1.1 g 0.7 g,,0.6,0.4951,QUANTITY,0.4951,0.4831,0.485,0.4521,0.1049,1,1,0
12.png,med andel sukker / w tym cukry / varav socker,med andel sukker / w tym cukry / varav socker,,0.6338,0.5626,CONTEXT,0.5219,0.4364,0.5626,0.5114,0.0712,1,0,0
12.png,Eiwitten / Proteiinit / Proteines / Protein / Bialko / Protein,Eiwitten / Proteiinit / Proteines / Protein / Bialko / Protein 0.1 g 0.0 g,,0.5961,0.5124,CONTEXT,0.4989,0.4993,0.5124,0.4635,0.0837,1,0,0
15.png,AFTER,AFTER,,0.4651,0.4869,NOISE,0.3587,0.3387,0.4089,0.4869,-0.0218,0,0,0
15.png,Salz/Salt15.0g/0.63g/1.26 g.Mineralstoffe/Minerals:Natrium/Sodium 5962 mg/200 mg/500mg.Kaffen/Putel,Salz/Salt15.0g/0.63g/1.26 g.Mineralstoffe/Minerals:Natrium/Sodium 5962 mg/200 mg/500mg.Kaffen/Putel,,0.6274,0.5113,CONTEXT,0.4848,0.4916,0.5113,0.4955,0.1161,1,1,0
15.png,"sium 3571mg/150mg7.5%*/300mg15%*)Chloride4762mg/200mg25%/400 mg 50%,Calcium 1428","sium 3571mg/150mg7.5%*/300mg15%*)Chloride4762mg/200mg25%/400 mg 50%,Calcium 1428",,0.6401,0.5286,CONTEXT,0.4905,0.5031,0.5286,0.4769,0.1115,1,1,0
15.png,mg/60mg7.5%*/120mg15%*)Magnesium670 mg/28.1 mg 7.5%/56.3 mg15%Kotfein/Cafen 1786 mg,mg/60mg7.5%*/120mg15%*)Magnesium670 mg/28.1 mg 7.5%/56.3 mg15%Kotfein/Cafen 1786 mg,,0.6352,0.5344,UNIT,0.4911,0.5344,0.5296,0.4792,0.1009,1,1,0
15.png,tel(c:Ergänzungsnahrung).Brausetablette zur Herstellung eines kalorinafreion Erfrischungsgotríeken mit,tel(c:Ergänzungsnahrung).Brausetablette zur Herstellung eines kalorinafreion Erfrischungsgotríeken mit,,0.5129,0.5066,NOISE,0.4064,0.4344,0.4548,0.5066,0.0063,0,0,0
15.png,Koffein.5 Mineralstoffen und SuBungsmittel-Zitronen Geschmack.Zwei Portionen anthalten 150 mg Kaffein.,Koffein.5 Mineralstoffen und SuBungsmittel-Zitronen Geschmack.Zwei Portionen anthalten 150 mg Kaffein.,,0.5935,0.4781,NOISE,0.4362,0.4741,0.4775,0.4781,0.1154,1,1,0
15.png,clumcarbonatNatriumchloridMagnesiumhydroxidCalciumphosphate)Fauchthmhsrattd(Sorhel trnbe nudriohs aon,clumcarbonatNatriumchloridMagnesiumhydroxidCalciumphosphate)Fauchthmhsrattd(Sorhel trnbe nudriohs aon,,0.4991,0.4748,NOISE,0.4087,0.4208,0.4253,0.4748,0.0243,0,0,0
15.png,"men, Koffein(1.80 %) Starke, SiBungsmitte(Sucrainen). Verzehraumpfahhatg:1TabkthnnauchSacciumphashtt.m","men, Koffein(1.80 %) Starke, SiBungsmitte(Sucrainen). Verzehraumpfahhatg:1TabkthnnauchSacciumphashtt.m",,0.6221,0.5032,CONTEXT,0.4517,0.4238,0.5032,0.4848,0.1189,1,1,0
15.png,reiche und ausgewagene Ernlibrung smde also pntnarde Lulomtrroie,reiche und ausgewagene Ernlibrung smde also pntnarde Lulomtrroie,,0.4558,0.4373,NOISE,0.4343,0.41,0.3901,0.4373,0.0185,0,0,0
17.png,Product information,Product information,,0.5325,0.6776,NOISE,0.4986,0.4562,0.5259,0.6776,-0.1451,0,0,0
17.png,Caffeine,Caffeine 100 mg,,0.7267,0.5316,NOISE,0.432,0.4861,0.5308,0.5316,0.1951,1,1,1
17.png,Vitamin B3,Vitamin B3 2.4 mg NE 15,,0.699,0.4891,CONTEXT,0.4256,0.4105,0.4891,0.4516,0.2099,1,1,1
17.png,Vitamin B6,Vitamin B6 0.22 mg 15,,0.7759,0.5014,CONTEXT,0.4617,0.4641,0.5014,0.4117,0.2745,1,1,1
17.png,VitaminB12,VitaminB12 0.38 g 15,,0.7995,0.4944,CONTEXT,0.4924,0.4539,0.4944,0.4088,0.3051,1,1,1
17.png,Suitable for vegetarians and vegans,Suitable for vegetarians and vegans,,0.5586,0.6346,NOISE,0.397,0.4013,0.5038,0.6346,-0.076,0,0,0
20.png,%6RDA*,%6RDA*,,0.4926,0.5926,NOISE,0.4747,0.4062,0.5316,0.5926,-0.1,0,0,0
20.png,pro Tagesportion(1Portion=15g Pulver,pro Tagesportion(1Portion=15g Pulver,,0.5567,0.6364,CONTEXT,0.5195,0.4571,0.6364,0.5221,-0.0797,0,0,0
20.png,Durchschn.Gehalt/,Durchschn.Gehalt/ %RDA*,,0.5128,0.6025,NOISE,0.4775,0.4334,0.5482,0.6025,-0.0897,0,0,0
20.png,%RDA*,Durchschn.Gehalt/ %RDA*,,0.5128,0.6025,NOISE,0.4775,0.4334,0.5482,0.6025,-0.0897,0,0,0
20.png,AverageValue,AverageValue 223 kJ 52 kcal,,0.684,0.5287,UNIT,0.4608,0.5287,0.4696,0.4928,0.1553,0,1,0
20.png,Brennwert/Energy Value,Brennwert/Energy Value,,0.823,0.5544,QUANTITY,0.5544,0.5477,0.4725,0.4968,0.2686,1,1,0
20.png,1474 kl (346kcal),1474 kl (346kcal),,0.6279,0.5477,UNIT,0.4195,0.5477,0.4527,0.4772,0.0803,0,0,0
20.png,EwebB/Protein,EwebB/Protein 11.7 g,,0.6607,0.4605,CONTEXT,0.4443,0.43,0.4605,0.4434,0.2002,1,1,0
20.png,Kohlenhydrate/Carbohydrate,Kohlenhydrate/Carbohydrate 4%,,0.6794,0.448,NOISE,0.3999,0.4033,0.4419,0.448,0.2314,1,1,0
20.png,Fatt/Fat,Fatt/Fat 100 mg,,0.695,0.5994,CONTEXT,0.5273,0.4678,0.5994,0.503,0.0956,1,0,0
20.png,Natrium/Sodium,Natrium/Sodium 4%,,0.6981,0.4998,NOISE,0.4247,0.3719,0.4343,0.4998,0.1982,1,1,0
20.png,Kalium/Potassium,Kalium/Potassium 15%,,0.6672,0.4885,NOISE,0.4295,0.4282,0.4671,0.4885,0.1787,1,1,0
20.png,Calcium,Calcium *756,,0.7223,0.463,NOISE,0.4296,0.4542,0.4523,0.463,0.2593,1,1,1
20.png,Magnesium,Magnesium 15%,,0.7175,0.5237,NOISE,0.4169,0.383,0.4395,0.5237,0.1938,1,1,1
20.png,Chlorid/Chloride,Chlorid/Chloride **360,,0.5427,0.491,NOISE,0.4589,0.4264,0.4697,0.491,0.0516,1,0,0
20.png,Phosphor/Phosphorus,Phosphor/Phosphorus 100%,,0.6816,0.4796,NOISE,0.4051,0.341,0.4689,0.4796,0.202,1,1,0
20.png,Selen/Selenium,Selen/Selenium,,0.7895,0.4759,NOISE,0.4201,0.3976,0.4455,0.4759,0.3136,1,1,0
20.png,50%6,200 g 37.5 mg 50%6,,0.6105,0.5446,CONTEXT,0.5086,0.499,0.5446,0.5197,0.0659,0,0,0
20.png,Koffein (aus Guaranaextraktpulver)/,Koffein (aus Guaranaextraktpulver)/ 37.5 mg,,0.6197,0.4911,CONTEXT,0.4203,0.457,0.4911,0.4599,0.1286,1,1,0
20.png,Caffeine (from Guarana extract powder),Caffeine (from Guarana extract powder) 250 mg 16 mg NE 22576,,0.5598,0.5254,CONTEXT,0.4457,0.4599,0.5254,0.4341,0.0344,1,0,0
20.png,VitaminC,VitaminC,,0.9158,0.4691,NOISE,0.3767,0.3424,0.4325,0.4691,0.4467,1,1,1
20.png,Niacin,Niacin,,1.0,0.4419,NOISE,0.4085,0.2924,0.3853,0.4419,0.5581,1,1,1
20.png,VitaminE,VitaminE,,0.7121,0.4553,NOISE,0.3718,0.3628,0.4459,0.4553,0.2568,1,1,1
20.png,67 mg x-TE,67 mg x-TE,,0.5139,0.4443,CONTEXT,0.4253,0.404,0.4443,0.3834,0.0696,0,0,0
20.png,Pantothensaure/Pantothenic Acid,Pantothensaure/Pantothenic Acid 667 % 1.6 mg 66706,,0.622,0.4836,CONTEXT,0.4276,0.4319,0.4836,0.4242,0.1384,1,1,0
20.png,Vitamin B6,Vitamin B6 667% 200 g 1606,,0.6332,0.4553,CONTEXT,0.4259,0.4523,0.4553,0.431,0.1779,1,1,1
20.png,Vitamin B1,Vitamin B1 200 g 66706,,0.6458,0.465,UNIT,0.4195,0.465,0.4622,0.4342,0.1809,1,1,1
20.png,070301ED07/10P2,070301ED07/10P2 10.7 mg 667%,,0.575,0.4952,QUANTITY,0.4952,0.4109,0.485,0.4528,0.0798,0,0,0
20.png,Vitamin B1,Vitamin B1 1 g 280%,,0.6571,0.4865,NOISE,0.4224,0.4592,0.4857,0.4865,0.1707,1,1,1
20.png,Folsaure/Folic Acid,Folsaure/Folic Acid 153 g 67%,,0.6308,0.4857,NOISE,0.3874,0.4102,0.4681,0.4857,0.1451,1,1,0
20.png,Vitamin B12,Vitamin B12 225 g RE,,0.814,0.4874,CONTEXT,0.4496,0.4167,0.4874,0.4133,0.3266,1,1,1
20.png,225 g RE,Vitamin B12 225 g RE,,0.814,0.4874,CONTEXT,0.4496,0.4167,0.4874,0.4133,0.3266,0,1,0
20.png,biotin,biotin 6.7 g,,0.7184,0.4523,CONTEXT,0.4311,0.4028,0.4523,0.4328,0.266,1,1,1
20.png,nalAG,nalAG 1000 g,,0.5801,0.4682,UNIT,0.4555,0.4682,0.4665,0.4656,0.1119,0,1,0
20.png,Tagesdwin (90-466 EWG),Vitamin A(aus/from Provitamin A) 280% Tagesdwin (90-466 EWG) annaheim lag,,0.5815,0.5216,CONTEXT,0.427,0.3879,0.5216,0.5211,0.0599,0,0,0
20.png,Vitamin A(aus/from Provitamin A),Vitamin A(aus/from Provitamin A) 280% Tagesdwin (90-466 EWG) annaheim lag,,0.5815,0.5216,CONTEXT,0.427,0.3879,0.5216,0.5211,0.0599,1,0,0
20.png,annaheim lag,Vitamin A(aus/from Provitamin A) 280% Tagesdwin (90-466 EWG) annaheim lag,,0.5815,0.5216,CONTEXT,0.427,0.3879,0.5216,0.5211,0.0599,0,0,0
20.png,2220 g RE,*RCAg 2220 g RE thunga,,0.5346,0.4334,CONTEXT,0.401,0.4297,0.4334,0.4305,0.1012,0,1,0
20.png,*RCAg,*RCAg 2220 g RE thunga,,0.5346,0.4334,CONTEXT,0.401,0.4297,0.4334,0.4305,0.1012,0,1,0
20.png,thunga,*RCAg 2220 g RE thunga,,0.5346,0.4334,CONTEXT,0.401,0.4297,0.4334,0.4305,0.1012,0,1,0
26.png,UK/AUS,UK/AUS,,0.4696,0.4866,NOISE,0.415,0.4172,0.4465,0.4866,-0.017,0,0,0
26.png,NUTRITIONALINFO,NUTRITIONALINFO,,0.5545,0.5777,CONTEXT,0.4348,0.3872,0.5777,0.5499,-0.0231,0,0,0
26.png,ENERGY,ENERGY 942 255 kJ kcal,,0.633,0.5143,UNIT,0.4201,0.5143,0.4364,0.45,0.1187,1,1,1
26.png,FAT,FAT,,0.8273,0.4469,NOISE,0.4047,0.3978,0.4004,0.4469,0.3803,1,1,1
26.png,OFWHICH,OFWHICH,,0.4058,0.3974,NOISE,0.3021,0.2733,0.3087,0.3974,0.0084,0,0,0
26.png,SATURATES,SATURATES,,0.6613,0.5121,NOISE,0.3845,0.3499,0.3921,0.5121,0.1492,1,1,1
26.png,CARBOHYDRATE,CARBOHYDRATE,,0.8042,0.5366,NOISE,0.454,0.4369,0.4708,0.5366,0.2676,1,1,1
26.png,OFWHICHSUGARS,OFWHICHSUGARS,,0.495,0.3984,NOISE,0.3143,0.2645,0.3193,0.3984,0.0966,0,0,0
26.png,PROTEIN,PROTEIN,,0.8345,0.5791,NOISE,0.4278,0.4045,0.5042,0.5791,0.2554,1,1,1
26.png,SALT,SALT,,0.8505,0.5499,NOISE,0.414,0.3753,0.4586,0.5499,0.3006,1,1,1
27.png,Durchschn.Gehalt/,Durchschn.Gehalt/,,0.4733,0.4851,CONTEXT,0.4838,0.4224,0.4851,0.4699,-0.0118,0,0,0
27.png,%RDA*,%RDA*,,0.485,0.6232,NOISE,0.4834,0.4248,0.5454,0.6232,-0.1382,0,0,0
27.png,AverageValue,AverageValue,,0.5294,0.5326,NOISE,0.4976,0.4456,0.4815,0.5326,-0.0031,0,0,0
27.png,Brewswert/EnergyValue,Brewswert/EnergyValue,,0.7137,0.5735,UNIT,0.5142,0.5735,0.4965,0.4732,0.1402,0,1,0
27.png,EsemB/Protein,EsemB/Protein,,0.6142,0.4722,NOISE,0.4116,0.3974,0.4432,0.4722,0.142,1,1,0
27.png,Kublephydrate/Carbohydrate,Kublephydrate/Carbohydrate,,0.71,0.5021,NOISE,0.4408,0.442,0.4701,0.5021,0.2079,1,1,0
27.png,Fert/Fat,Fert/Fat,,0.72,0.5059,CONTEXT,0.4402,0.416,0.5059,0.4902,0.2141,1,1,0
27.png,Calcium,Calcium,,1.0,0.4972,NOISE,0.3876,0.405,0.3997,0.4972,0.5028,1,1,1
27.png,Magnesium,Magnesium,,1.0,0.4981,NOISE,0.4334,0.4176,0.4175,0.4981,0.5019,1,1,1
27.png,Zink/Zinc,Zink/Zinc,,0.8094,0.5038,NOISE,0.443,0.44,0.4814,0.5038,0.3055,1,1,0
27.png,Kuples/Copper,Kuples/Copper,,0.6413,0.5002,NOISE,0.4284,0.4392,0.441,0.5002,0.141,1,1,0
27.png,Mangen/Manganese,Mangen/Manganese,,0.611,0.4588,NOISE,0.3907,0.3953,0.3951,0.4588,0.1523,1,1,0
27.png,Chrom/Chromium,Chrom/Chromium,,0.8017,0.4814,NOISE,0.454,0.4172,0.4405,0.4814,0.3203,1,1,0
27.png,Sefee/Selenium,Sefee/Selenium 896 µg,,0.6019,0.4575,CONTEXT,0.4419,0.435,0.4575,0.3964,0.1445,1,1,0
27.png,Vitamin D,Vitamin D 251 g 456 %,,0.6776,0.5193,NOISE,0.4441,0.4372,0.5188,0.5193,0.1582,1,1,1
27.png,*RDAaccording to Eu,*RDAaccording to Eu,,0.4861,0.4993,NOISE,0.4262,0.3952,0.4906,0.4993,-0.0132,0,0,0
30.png,AUS,AUS,,0.4771,0.5879,NOISE,0.359,0.3257,0.3886,0.5879,-0.1108,0,0,0
30.png,NUTRITION INFORMATION,NUTRITION INFORMATION,,0.6563,0.6455,CONTEXT,0.4889,0.4545,0.6455,0.6189,0.0107,0,0,0
30.png,TYPICALVALUES,TYPICALVALUES,,0.4979,0.5182,QUANTITY,0.5182,0.4615,0.4296,0.4746,-0.0203,0,0,0
30.png,ENERGY kJ/kcal,ENERGY kJ/kcal 1649 391,,0.6293,0.5576,UNIT,0.4293,0.5576,0.4459,0.434,0.0717,1,0,0
30.png,PROTEIN (g),PROTEIN (g) 4.8,,0.6723,0.4842,UNIT,0.4387,0.4842,0.4788,0.4546,0.1881,1,1,1
30.png,FAT: (g),FAT: (g) 9.1,,0.6611,0.4628,QUANTITY,0.4628,0.4477,0.43,0.4456,0.1983,1,1,0
30.png,- SATURATED FAT (g,- SATURATED FAT (g 4.9,,0.6431,0.466,CONTEXT,0.4481,0.4106,0.466,0.4608,0.1771,1,1,0
30.png,carbohydrate,carbohydrate 71,,0.6657,0.4727,NOISE,0.3919,0.347,0.4017,0.4727,0.1929,1,1,1
30.png,- SUGARS (g),- SUGARS (g) 35,,0.6674,0.5182,NOISE,0.4693,0.4766,0.4839,0.5182,0.1492,1,1,0
30.png,dietary fibre,dietary fibre 2.0 3.6,,0.6575,0.5024,CONTEXT,0.4385,0.4234,0.5024,0.4924,0.1551,1,1,0
30.png,SODIUM (mg),SODIUM (mg) 70 130,,0.5728,0.48,CONTEXT,0.4256,0.4731,0.48,0.4175,0.0929,1,0,0
33.png,Energie/ energy kJ (kcal),Energie/ energy kJ (kcal) 1660 (390) 1245 (293),,0.6688,0.6061,UNIT,0.4297,0.6061,0.4346,0.4285,0.0627,1,0,0
33.png,Fett/fat,Fett/fat 0 g 0 g,,0.7267,0.4973,CONTEXT,0.4647,0.4876,0.4973,0.4481,0.2294,1,1,0
33.png,davon gesattigte Fettsauren/,davon gesattigte Fettsauren/ 0 g 0 g,,0.6629,0.4822,CONTEXT,0.4342,0.4113,0.4822,0.4573,0.1807,1,1,0
33.png,of which saturates,of which saturates,,1.0,0.4551,NOISE,0.3902,0.3778,0.4067,0.4551,0.5449,1,1,0
33.png,Kohlenhydrate/carbohydrates,Kohlenhydrate/carbohydrates 97 g 73 g,,0.697,0.5355,UNIT,0.4792,0.5355,0.512,0.4885,0.1616,1,1,0
33.png,davonZuckerarten/,davonZuckerarten/ 56 g 42 g,,0.624,0.4674,QUANTITY,0.4674,0.4388,0.442,0.4526,0.1565,1,1,1
33.png,of which sugars,of which sugars,,1.0,0.5188,NOISE,0.4306,0.3772,0.4119,0.5188,0.4812,1,1,0
33.png,Eiweiss/protein,Eiweiss/protein 0 g 0 g,,0.67,0.4753,CONTEXT,0.4208,0.4384,0.4753,0.4443,0.1946,1,1,0
33.png,Salz/salt,Salz/salt 0.53 g 0.40 g,,0.7998,0.5142,UNIT,0.4762,0.5142,0.4892,0.4514,0.2856,1,1,0
33.png,Mineralstoffe/minerals,Mineralstoffe/minerals %NRV* %NRV*,,0.5027,0.6174,NOISE,0.5342,0.4911,0.4684,0.6174,-0.1147,0,0,0
33.png,Natrium/sodium,Natrium/sodium 210 mg 158 mg,,0.6222,0.515,UNIT,0.4958,0.515,0.5079,0.4416,0.1073,1,1,0
33.png,Calcium,Calcium 35 mg 4% 26 mg 3%,,0.6753,0.5141,UNIT,0.4146,0.5141,0.4941,0.4665,0.1612,1,1,1
33.png,Magnesium,Magnesium 25 mg 7% 19 mg 5%,,0.6587,0.4951,CONTEXT,0.4342,0.4902,0.4951,0.4902,0.1636,1,1,1
33.png,Kalium/potassium,Kalium/potassium 55 mg 3% 41 mg,,0.6435,0.499,UNIT,0.4114,0.499,0.4787,0.4616,0.1445,1,1,0
33.png,Chlorid/chlorure,Chlorid/chlorure 140 mg 105 mg,,0.5645,0.5487,CONTEXT,0.4557,0.5198,0.5487,0.4556,0.0158,1,0,0
34.png,ILTH,ILTH,,0.447,0.3941,UNIT,0.3097,0.3941,0.362,0.382,0.0529,0,0,0
34.png,Per,Nutritional Per Per 25g,,0.632,0.5216,CONTEXT,0.4728,0.458,0.5216,0.4967,0.1104,0,1,0
34.png,Nutritional,Nutritional Per Per 25g,,0.632,0.5216,CONTEXT,0.4728,0.458,0.5216,0.4967,0.1104,0,1,0
34.png,th,th,,0.5582,0.5412,NOISE,0.4013,0.3421,0.396,0.5412,0.017,0,0,0
34.png,serving,Information 100g serving,,0.5579,0.572,CONTEXT,0.5098,0.494,0.572,0.5438,-0.0141,0,0,0
34.png,Information,Information 100g serving,,0.5579,0.572,CONTEXT,0.5098,0.494,0.572,0.5438,-0.0141,0,0,0
34.png,Energy,Energy,,1.0,0.5508,UNIT,0.4548,0.5508,0.4369,0.5198,0.4492,1,1,1
34.png,Fat,Fat 0 g 0 g,,0.721,0.5186,QUANTITY,0.5186,0.4865,0.4991,0.4733,0.2024,1,1,1
34.png,Carbohydrate,Carbohydrate 80 g 20 g,,0.6798,0.5203,NOISE,0.4918,0.5174,0.4958,0.5203,0.1595,1,1,1
34.png,of which sugars,of which sugars 77 g 19 g,,0.6877,0.4341,CONTEXT,0.4278,0.4263,0.4341,0.4334,0.2537,1,1,0
34.png,Fibre,Fibre 5 g 1.2 g,,0.6819,0.4823,UNIT,0.4308,0.4823,0.4586,0.4251,0.1996,1,1,1
34.png,Protein,C Protein 0 g 0 g,,0.606,0.4765,CONTEXT,0.4127,0.4463,0.4765,0.3929,0.1295,1,1,1
34.png,Salt,Salt 3.5 g 0.9 g,,0.7599,0.5175,UNIT,0.4801,0.5175,0.4936,0.4861,0.2424,1,1,1
34.png,RDA,Minerals minerals RDA,,0.4892,0.44,UNIT,0.4279,0.44,0.4304,0.4351,0.0492,0,0,0
34.png,minerals,Minerals minerals RDA,,0.4892,0.44,UNIT,0.4279,0.44,0.4304,0.4351,0.0492,0,0,0
34.png,Minerals,Minerals minerals RDA,,0.4892,0.44,UNIT,0.4279,0.44,0.4304,0.4351,0.0492,0,0,0
34.png,Calcium,Calcium 400 mg 100 mg 13%,,0.733,0.4888,NOISE,0.4369,0.4798,0.474,0.4888,0.2442,1,1,1
34.png,Potassium,Potassium 400 mg 100 mg 5%,,0.7525,0.5059,CONTEXT,0.4394,0.4535,0.5059,0.482,0.2466,1,1,1
34.png,Magnesium,S Magnesium 100 mg 25 mg 7%,,0.6852,0.5074,NOISE,0.4139,0.464,0.4628,0.5074,0.1777,1,1,1
34.png,Zinc,Zinc 2.6 mg 0.7 mg 7%,,0.6922,0.4997,CONTEXT,0.4501,0.4879,0.4997,0.4728,0.1925,1,1,1
34.png,vitamins,Vitamins vitamins,,0.6866,0.5502,NOISE,0.5238,0.4822,0.4991,0.5502,0.1365,0,1,0
34.png,Vitamins,Vitamins vitamins,,0.6866,0.5502,NOISE,0.5238,0.4822,0.4991,0.5502,0.1365,0,1,0
34.png,B3,B3 12 mg 3.0 mg 19%,,0.6392,0.5056,NOISE,0.4315,0.456,0.49,0.5056,0.1336,1,1,1
34.png,B6,B6 3.2 mg 0.8 mg 57%,,0.6361,0.5156,NOISE,0.4412,0.4702,0.5093,0.5156,0.1206,1,1,1
34.png,B5,B5 2.9 mg 0.7 mg 12%,,0.7164,0.5091,CONTEXT,0.4608,0.4623,0.5091,0.4854,0.2073,1,1,1
34.png,B1,B1 0.8 mg 0.2 mg 18%,,0.6302,0.4963,CONTEXT,0.4504,0.4737,0.4963,0.4843,0.1339,1,1,1
34.png,B2,B2 0.8 mg 0.2 mg 14%,,0.6672,0.4954,CONTEXT,0.4435,0.4612,0.4954,0.4954,0.1718,1,1,1
34.png,Folic acid,Folic acid 34 ug 8.4 ug 4%,,0.71,0.4602,CONTEXT,0.4024,0.4087,0.4602,0.4179,0.2497,1,1,0
34.png,B12,B12 3.5 ug 0.9 ug 35%,,0.6922,0.5228,CONTEXT,0.4854,0.449,0.5228,0.5062,0.1694,1,1,1
35.jpeg,Zusammensetzung,Zusammensetzung pro 100g pro3Tabletten/(NRV) 225 mg,,0.5115,0.5093,NOISE,0.444,0.3561,0.4789,0.5093,0.0022,0,0,0
35.jpeg,Magnesium,Magnesium 4.7 g 100.8 mg,,0.7207,0.5512,UNIT,0.5013,0.5512,0.5096,0.4506,0.1695,1,1,1
35.jpeg,Vitamin C,Vitamin C 2.1 g,,0.7558,0.4927,CONTEXT,0.4471,0.4719,0.4927,0.4514,0.2631,1,1,1
41.png,UK,UK,,0.5362,0.4813,NOISE,0.3799,0.3827,0.3999,0.4813,0.0548,0,0,0
41.png,NUTRITION INFO,NUTRITION INFO,,0.6684,0.6332,CONTEXT,0.487,0.4345,0.6332,0.6192,0.0352,0,0,0
41.png,ENERGY,ENERGY 612 144 kJ kcal,,0.6902,0.5232,UNIT,0.4297,0.5232,0.4461,0.4591,0.167,1,1,1
41.png,FAT,FAT 0 g,,0.6831,0.4747,QUANTITY,0.4747,0.4203,0.4437,0.44,0.2084,1,1,1
41.png,OFWHICH,OFWHICH,,0.4058,0.3974,NOISE,0.3021,0.2733,0.3087,0.3974,0.0084,0,0,0
41.png,SATURATES,SATURATES 0 g,,0.6382,0.4812,CONTEXT,0.427,0.3849,0.4812,0.4491,0.157,1,1,1
41.png,CARBOHYDRATE,CARBOHYDRATE,,0.8042,0.5366,NOISE,0.454,0.4369,0.4708,0.5366,0.2676,1,1,1
41.png,OFWHICH SUGARS,OFWHICH SUGARS,,0.5703,0.4423,NOISE,0.3194,0.2832,0.366,0.4423,0.1281,1,1,0
41.png,PROTEIN,PROTEIN,,0.8345,0.5791,NOISE,0.4278,0.4045,0.5042,0.5791,0.2554,1,1,1
41.png,SALT,SALT 0.10 g,,0.7851,0.5193,QUANTITY,0.5193,0.4572,0.4847,0.4952,0.2659,1,1,1
42.png,AUS,AUS,,0.4771,0.5879,NOISE,0.359,0.3257,0.3886,0.5879,-0.1108,0,0,0
42.png,1 SERV.47g MAKES 500ml,1 SERV.47g MAKES 500ml,,0.547,0.5113,CONTEXT,0.416,0.4216,0.5113,0.4412,0.0357,0,0,0
42.png,TYPICALVALUES,TYPICALVALUES PER SERVE.47g 100g,,0.5476,0.5771,CONTEXT,0.4962,0.466,0.5771,0.4704,-0.0294,0,0,0
42.png,ENERGYKJ/KCAL,ENERGYKJ/KCAL 736 176,,0.5546,0.5047,UNIT,0.4066,0.5047,0.4669,0.4777,0.0499,1,0,0
42.png,protein,protein 0,,0.7503,0.4579,NOISE,0.4286,0.3843,0.4448,0.4579,0.2924,1,1,1
42.png,FAT (g),FAT (g) 0,,0.6544,0.4784,QUANTITY,0.4784,0.4432,0.4269,0.4179,0.1761,1,1,0
42.png,- SATURATED FAT (g),- SATURATED FAT (g),,0.6478,0.4584,NOISE,0.4431,0.4353,0.4485,0.4584,0.1894,1,1,0
42.png,carbohydrate,carbohydrate 94,,0.6687,0.4854,NOISE,0.3992,0.3583,0.3985,0.4854,0.1833,1,1,1
42.png,SUGARS(g),SUGARS(g),,0.7332,0.5022,NOISE,0.4328,0.47,0.4685,0.5022,0.231,1,1,1
42.png,dietary fibre,dietary fibre,,0.7529,0.5579,CONTEXT,0.4548,0.4078,0.5579,0.5269,0.195,1,1,0
42.png,SODIUM (mg),SODIUM (mg) 240,,0.597,0.4579,UNIT,0.434,0.4579,0.4358,0.3764,0.1391,1,1,0
51.png,Nutrition Information per  Nahrwertangaben pro Informations,Nutrition Information per  Nahrwertangaben pro Informations,,0.5648,0.5635,CONTEXT,0.4995,0.4301,0.5635,0.5003,0.0013,0,0,0
51.png,nutritionnelles parVoedingswaarde informatie per,nutritionnelles parVoedingswaarde informatie per 100g,,0.5603,0.5568,CONTEXT,0.4737,0.4826,0.5568,0.4876,0.0035,0,0,0
51.png,EnergyEnergie kJ(kcal),EnergyEnergie kJ(kcal),,0.6389,0.5977,UNIT,0.4063,0.5977,0.4062,0.4151,0.0413,0,0,0
51.png,Fat Fett Matieres grassesVetten,Fat Fett Matieres grassesVetten,,0.622,0.4288,NOISE,0.3801,0.36,0.3584,0.4288,0.1932,1,1,0
51.png,-of which saturatesdavon gesättigte Feltsauren,-of which saturatesdavon gesättigte Feltsauren,,0.7435,0.4364,NOISE,0.3819,0.353,0.4246,0.4364,0.3071,1,1,0
51.png,dont acides gras saturéswaarvan verzadigde vetzuren,dont acides gras saturéswaarvan verzadigde vetzuren,,0.6376,0.3817,CONTEXT,0.3778,0.3403,0.3817,0.3817,0.256,1,1,0
51.png,CarbohydrateKohlenhydrateGlucidesKoolhydraten,CarbohydrateKohlenhydrateGlucidesKoolhydraten,,0.7349,0.4563,UNIT,0.4301,0.4563,0.4031,0.4546,0.2786,0,1,0
51.png,-of which sugarsdavon Zuckerdont sucreswaarvan suikers,-of which sugarsdavon Zuckerdont sucreswaarvan suikers,,0.7623,0.4363,NOISE,0.4284,0.3959,0.4097,0.4363,0.326,1,1,0
51.png,ProteinEiweiBProtéinesElwitten,ProteinEiweiBProtéinesElwitten,,0.6686,0.4254,NOISE,0.335,0.3565,0.3941,0.4254,0.2432,0,1,0
51.png,SaltSalzSelZout,SaltSalzSelZout,,0.6661,0.5207,NOISE,0.3403,0.3448,0.4141,0.5207,0.1454,0,1,0
51.png,Vitamin B1:VitamineB6,Vitamin B1:VitamineB6,,0.6514,0.4487,CONTEXT,0.3844,0.3958,0.4487,0.3985,0.2027,1,1,0
51.png,ng,0.35 ng,,0.6608,0.4832,QUANTITY,0.4832,0.4524,0.4503,0.468,0.1776,0,1,0
53.png,Nutrition Information perNährwertangaben proInformations,Nutrition Information perNährwertangaben proInformations,,0.5466,0.5702,CONTEXT,0.4525,0.4141,0.5702,0.4748,-0.0237,0,0,0
53.png,nutritionnelles par Voedingswaarde informatie per,nutritionnelles par Voedingswaarde informatie per,,0.5723,0.5762,CONTEXT,0.4643,0.409,0.5762,0.4693,-0.0039,0,0,0
53.png,Energy  Energie kJ (kcal),Energy  Energie kJ (kcal),,0.6548,0.6034,UNIT,0.4073,0.6034,0.3638,0.3914,0.0514,1,0,0
53.png,Fat |Fett |Matieres grasses |Vetten,Fat |Fett |Matieres grasses |Vetten,,0.6452,0.4834,NOISE,0.4646,0.4526,0.4297,0.4834,0.1618,1,1,0
53.png,- of which saturates I davon gesättigte Fettsäuren,- of which saturates I davon gesättigte Fettsäuren,,0.8029,0.4473,CONTEXT,0.4053,0.3655,0.4473,0.4265,0.3556,1,1,0
53.png,dont acides gras saturés waarvan verzadigde vetzuren,dont acides gras saturés waarvan verzadigde vetzuren,,0.6609,0.4042,NOISE,0.3737,0.3266,0.3883,0.4042,0.2568,1,1,0
53.png,CarbohydrateKohlenhydrateGlucidesKoolhydraten,CarbohydrateKohlenhydrateGlucidesKoolhydraten,,0.7349,0.4563,UNIT,0.4301,0.4563,0.4031,0.4546,0.2786,0,1,0
53.png,- of which sugars I davon Zucker  dont sucres I waarvan sukers,- of which sugars I davon Zucker  dont sucres I waarvan sukers,,0.7177,0.4302,QUANTITY,0.4302,0.3995,0.4162,0.4172,0.2876,1,1,0
53.png,ProteinEiweiBProteinesEiwitten,ProteinEiweiBProteinesEiwitten,,0.6981,0.4515,NOISE,0.3679,0.3687,0.4146,0.4515,0.2467,0,1,0
53.png,SaltSalzSelZout,SaltSalzSelZout,,0.6661,0.5207,NOISE,0.3403,0.3448,0.4141,0.5207,0.1454,0,1,0
53.png,Vitamin B6Vitamine B6,Vitamin B6Vitamine B6 0.35 mg,,0.6826,0.4532,CONTEXT,0.4041,0.449,0.4532,0.3642,0.2294,1,1,0
56.jpeg,par cullere6g,Pour 100g par cullere6g 23 kcal,,0.5751,0.5388,UNIT,0.4416,0.5388,0.5229,0.4874,0.0363,0,0,0
56.jpeg,EiweiD,EiweiD 1604 96.2 4.998,,0.5011,0.4294,NOISE,0.4268,0.4116,0.401,0.4294,0.0717,0,0,0
56.jpeg,........Proteines...,Fett ........Proteines... 83 g .0.228,,0.7228,0.4651,UNIT,0.439,0.4651,0.4543,0.4569,0.2577,1,1,0
56.jpeg,Fett,Fett ........Proteines... 83 g .0.228,,0.7228,0.4651,UNIT,0.439,0.4651,0.4543,0.4569,0.2577,1,1,1
57.jpeg,par cuillere (6g,pro 100g par cuillere (6g,,0.5282,0.641,CONTEXT,0.4712,0.463,0.641,0.4886,-0.1128,0,0,0
57.jpeg,Brennwen.....Energie.,Brennwen.....Energie. Pour 100g 383kcal. 23 kcal,,0.6398,0.4961,UNIT,0.4042,0.4961,0.4337,0.4912,0.1437,1,1,0
57.jpeg,Eineid,Eineid 1604 96.2 4.99,,0.4694,0.4386,UNIT,0.4141,0.4386,0.3806,0.4243,0.0307,0,0,0
57.jpeg,proteines,proteines 83 g .0.228,,0.6928,0.4958,CONTEXT,0.4749,0.4856,0.4958,0.4651,0.197,1,1,1
57.jpeg,Fett.,Fett. 3.67 g .0.26g,,0.8331,0.5101,UNIT,0.4869,0.5101,0.4727,0.4811,0.323,1,1,1
57.jpeg,lipides,ZUTATEN lipides .43g,,0.5968,0.4474,NOISE,0.399,0.4186,0.4319,0.4474,0.1494,1,1,1
59.png,Durchschn.Gehalt/,Durchschn.Gehalt/,,0.4733,0.4851,CONTEXT,0.4838,0.4224,0.4851,0.4699,-0.0118,0,0,0
59.png,AverageValue,AverageValue per 100 g powder,,0.5237,0.5945,CONTEXT,0.4881,0.4691,0.5945,0.5404,-0.0708,0,0,0
59.png,Brennwert/EnergyValue,Brennwert/EnergyValue 1391 kJ (330kcal),,0.7521,0.5199,UNIT,0.4257,0.5199,0.4337,0.5018,0.2322,1,1,0
59.png,EiweiB/Protein,EiweiB/Protein,,0.6698,0.4753,NOISE,0.4104,0.4282,0.4601,0.4753,0.1945,1,1,0
59.png,Kohlenhydrate/Carbohydrate,Kohlenhydrate/Carbohydrate,,0.8677,0.5472,NOISE,0.4719,0.4634,0.4694,0.5472,0.3205,1,1,0
59.png,davonZucker/of which Sugars,davonZucker/of which Sugars,,0.7677,0.455,NOISE,0.4051,0.3531,0.3909,0.455,0.3128,1,1,0
59.png,davon Fructose/of which Fructose 63.7g,davon Fructose/of which Fructose 63.7g,,0.5638,0.4332,QUANTITY,0.4332,0.3862,0.4332,0.4113,0.1307,1,1,0
59.png,Fett/Fat,Fett/Fat,,0.7619,0.5236,NOISE,0.419,0.4225,0.484,0.5236,0.2383,1,1,0
59.png,davon gesáttigte Fettsáuren/,davon gesáttigte Fettsáuren/,,0.8288,0.4861,NOISE,0.4068,0.3707,0.484,0.4861,0.3427,1,1,0
59.png,of which Saturates,of which Saturates,,0.7504,0.4216,NOISE,0.41,0.3949,0.4073,0.4216,0.3288,1,1,0
59.png,Ballaststoffe/Fibre,Ballaststoffe/Fibre,,0.7741,0.5157,NOISE,0.4001,0.3922,0.4241,0.5157,0.2584,1,1,1
59.png,Natrium/Sodium,Natrium/Sodium,,0.791,0.4785,NOISE,0.4572,0.4015,0.4594,0.4785,0.3125,1,1,0
59.png,Selen/Selenium,Selen/Selenium,,0.7895,0.4759,NOISE,0.4201,0.3976,0.4455,0.4759,0.3136,1,1,0
59.png,Vitamin C,Vitamin C,,1.0,0.4869,NOISE,0.4055,0.3852,0.4526,0.4869,0.5131,1,1,1
59.png,VitaminE,VitaminE,,0.7121,0.4553,NOISE,0.3718,0.3628,0.4459,0.4553,0.2568,1,1,1
59.png,10 mg -TE,10 mg -TE,,0.7203,0.5351,QUANTITY,0.5351,0.4434,0.4991,0.4404,0.1852,0,1,0
59.png,50mg -TE 417%,50mg -TE 417%,,0.554,0.4901,NOISE,0.4283,0.394,0.48,0.4901,0.0639,0,0,0
59.png,Vitamin A (aus/from Provitamin A),Vitamin A (aus/from Provitamin A) 42%,,0.6506,0.4954,NOISE,0.3719,0.3547,0.4637,0.4954,0.1552,1,1,0
59.png,333 g RE,333 g RE,,0.6033,0.4661,CONTEXT,0.4418,0.3961,0.4661,0.4557,0.1372,0,1,0
59.png,1667ug RE 208%,1667ug RE 208%,,0.5162,0.4979,NOISE,0.3754,0.3849,0.4274,0.4979,0.0183,0,0,0
59.png,"""RDAaccording to","""RDAaccording to",,0.4938,0.4608,NOISE,0.3628,0.3225,0.441,0.4608,0.033,0,0,0
61.png,per/pro/par,Nutritional information/Nährwert/Valori nutrizionall Per servingPortion/porzione per/pro/par,,0.5555,0.6645,CONTEXT,0.5176,0.4524,0.6645,0.4964,-0.109,0,0,0
61.png,portion/porcion/odmeek [30 g=,Valeur nutritionnelle/Valor nutricional/Hranlina vrednost portion/porcion/odmeek [30 g= por/na 100 g,,0.5988,0.5526,CONTEXT,0.5479,0.4877,0.5526,0.4604,0.0462,0,0,0
61.png,Valeur nutritionnelle/Valor nutricional/Hranlina vrednost,Valeur nutritionnelle/Valor nutricional/Hranlina vrednost portion/porcion/odmeek [30 g= por/na 100 g,,0.5988,0.5526,CONTEXT,0.5479,0.4877,0.5526,0.4604,0.0462,1,0,0
61.png,Energy /Energie/Energia /Energie /Energia /Energijska vrednost,Energy /Energie/Energia /Energie /Energia /Energijska vrednost 427 kJ 102 kcal 1424 kJ 341 kcal,,0.7063,0.5736,UNIT,0.4693,0.5736,0.4445,0.4673,0.1326,1,1,0
61.png,Fat/Fett/Grassi/Graisse/Grasas/Mascobe,Fat/Fett/Grassi/Graisse/Grasas/Mascobe 0 g 0 g,,0.6044,0.4912,CONTEXT,0.4647,0.4549,0.4912,0.4475,0.1132,1,1,0
61.png,of which saturated / davon gesättigte / di cul saturi / dont saturés/ de las cuales saturades/ od tega nasiene,of which saturated / davon gesättigte / di cul saturi / dont saturés/ de las cuales saturades/ od tega nasiene 0 g 0 g,,0.6147,0.47,QUANTITY,0.47,0.4086,0.4658,0.4212,0.1447,1,1,0
61.png,Carbohydrates/ Kohlenhydrate/ Carboldratt/ Glucides/Carbohidratos/ Oglijkovi hidrati,Carbohydrates/ Kohlenhydrate/ Carboldratt/ Glucides/Carbohidratos/ Oglijkovi hidrati 25.3 g 84.4 g,,0.6355,0.4828,UNIT,0.469,0.4828,0.464,0.4356,0.1527,1,1,0
61.png,of which sugars / davon Zucker / di cul zuccheri / dont sucres / de los cuales azücares/ od tega sladkorji,of which sugars / davon Zucker / di cul zuccheri / dont sucres / de los cuales azücares/ od tega sladkorji 14.6 g 48.7 g,,0.6568,0.5246,QUANTITY,0.5246,0.482,0.4534,0.4203,0.1322,1,1,0
61.png,Protein/ElweiB/Proteine/Proteines/Proteine/Beljakovine,Protein/ElweiB/Proteine/Proteines/Proteine/Beljakovine 0.2 g 0.6 g,,0.5856,0.5065,UNIT,0.4541,0.5065,0.4924,0.4358,0.0792,1,0,0
61.png,Salt /Salz /Sale/Sel/Sal/Sol,Salt /Salz /Sale/Sel/Sal/Sol 0.52 g 1.73 g,,0.6885,0.546,UNIT,0.4853,0.546,0.477,0.467,0.1425,1,1,0
61.png,Magnesium /Magnesium /Magnesio/Magnesium /Magnesio /Magnezij,Magnesium /Magnesium /Magnesio/Magnesium /Magnesio /Magnezij 75 mg 250 mg,,0.7106,0.534,UNIT,0.4622,0.534,0.5021,0.4466,0.1766,1,1,0
61.png,Potassium/Kalium/Potassio/Potassium/Potasio/Kallj,Potassium/Kalium/Potassio/Potassium/Potasio/Kallj 100 mg 333.3 mg,,0.6347,0.5441,UNIT,0.4531,0.5441,0.511,0.4395,0.0906,1,0,0
61.png,Calcium/Kalzium/Calcio/Calcium/Calcio/Kalcij,Calcium/Kalzium/Calcio/Calcium/Calcio/Kalcij 50 mg 166.7 mg,,0.6237,0.5582,UNIT,0.4398,0.5582,0.4731,0.4161,0.0655,1,0,0
63.png,per/pro/par,Nutritional information/Nährwert/Valori nutrizionali Per serving/Portion/porzione per/pro/par,,0.5561,0.6472,CONTEXT,0.5082,0.4482,0.6472,0.4939,-0.0911,0,0,0
63.png,Valeur nutritionnelle/Valor nutricional/Hranilna vrednost,Valeur nutritionnelle/Valor nutricional/Hranilna vrednost portion/porción/odmerek (30 g=) por/na 100 g,,0.6101,0.5825,QUANTITY,0.5825,0.4926,0.5504,0.4521,0.0276,1,0,0
63.png,portion/porción/odmerek (30 g=),Valeur nutritionnelle/Valor nutricional/Hranilna vrednost portion/porción/odmerek (30 g=) por/na 100 g,,0.6101,0.5825,QUANTITY,0.5825,0.4926,0.5504,0.4521,0.0276,0,0,0
63.png,Energy/Energie/Energia/Energia/Energia/Energijska vrednost,Energy/Energie/Energia/Energia/Energia/Energijska vrednost 427 kJ 102 kcal 1424 kJ 341 kcal,,0.7023,0.5777,UNIT,0.4601,0.5777,0.4454,0.4733,0.1246,1,1,0
63.png,Fat/Fett/Grassl/Gralsse/Grasas/Mascobe,Fat/Fett/Grassl/Gralsse/Grasas/Mascobe 0 g 0 g,,0.6304,0.4904,CONTEXT,0.4596,0.445,0.4904,0.4633,0.1399,1,1,0
63.png,of which saturated / davon gesättigte / di cul saturi / dont saturés/ de las cuales saturades / od tega nasiene,of which saturated / davon gesättigte / di cul saturi / dont saturés/ de las cuales saturades / od tega nasiene 0 g 0 g,,0.6168,0.4664,CONTEXT,0.4663,0.4082,0.4664,0.4212,0.1504,1,1,0
63.png,Carbohydrates/Kohlenhydrate/Carboldrati/Glucides/Carbohidratos/Ogljikovl hidrati,Carbohydrates/Kohlenhydrate/Carboldrati/Glucides/Carbohidratos/Ogljikovl hidrati 25.3 g 84.4 g,,0.6365,0.5172,UNIT,0.4748,0.5172,0.4665,0.4413,0.1193,1,1,0
63.png,of which sugars/ davon Zucker / di cul zuccheri /dont sucres/ de los cuales azücares/od tega sladkorji,of which sugars/ davon Zucker / di cul zuccheri /dont sucres/ de los cuales azücares/od tega sladkorji 14.6 g 48.7 g,,0.6752,0.5225,QUANTITY,0.5225,0.4731,0.4536,0.4113,0.1527,1,1,0
63.png,Protein/ElweiB/Proteine/Proteines/Proteina/Beljakovine,Protein/ElweiB/Proteine/Proteines/Proteina/Beljakovine 0.2 g 0.6 g,,0.5862,0.5062,UNIT,0.4561,0.5062,0.4935,0.4367,0.08,1,0,0
63.png,Salt/Salz/Sale/Sal/Sal/Sol,Salt/Salz/Sale/Sal/Sal/Sol 1.73 g,,0.6963,0.5211,NOISE,0.4695,0.5194,0.4844,0.5211,0.1752,1,1,0
63.png,Magnesium/Magnesium/Magnesio/Magnesium/Magnesio/Magnezij,Magnesium/Magnesium/Magnesio/Magnesium/Magnesio/Magnezij 250 mg,,0.7272,0.5019,UNIT,0.4307,0.5019,0.4805,0.4363,0.2254,1,1,0
63.png,Potassium/Kallum/Potassio/Potassium/Potasio/Kalli,Potassium/Kallum/Potassio/Potassium/Potasio/Kalli 313.3 mg,,0.6426,0.5319,UNIT,0.4814,0.5319,0.5015,0.452,0.1107,1,1,0
63.png,Calcium/Kalzium/Calcio/Calcium/Calcio/Kalcii,Calcium/Kalzium/Calcio/Calcium/Calcio/Kalcii 166.7 mg,,0.6327,0.5587,UNIT,0.4571,0.5587,0.4725,0.4234,0.074,1,0,0
64.png,ledlly lilcslyic. o,ledlly lilcslyic. o,,0.5136,0.4954,NOISE,0.4128,0.409,0.4403,0.4954,0.0182,0,0,0
64.png,Vitamin(e) C,Vitamin(e) C,,0.7647,0.441,CONTEXT,0.3839,0.3922,0.441,0.4018,0.3237,1,1,0
64.png,Vitamin(e) B2,Vitamin(e) B2,,0.6788,0.4359,CONTEXT,0.3593,0.3703,0.4359,0.3871,0.2429,1,1,0
64.png,niacin,niacin,,0.8497,0.4875,NOISE,0.477,0.3282,0.4602,0.4875,0.3622,1,1,1
64.png,Vitamin(e) B6,Vitamin(e) B6 0.6 mg 43%,,0.6401,0.5062,CONTEXT,0.4309,0.4486,0.5062,0.4855,0.134,1,1,0
64.png,Folsaure/folic acid,Folsaure/folic acid 80 g 40%,,0.6491,0.474,CONTEXT,0.427,0.4086,0.474,0.4407,0.1751,1,1,0
64.png,Vitamin(e) B12,Vitamin(e) B12 2.0 g 80%,,0.7517,0.5052,CONTEXT,0.4769,0.4444,0.5052,0.4686,0.2465,1,1,0
64.png,Pantothensaure/pantothenic acid,Pantothensaure/pantothenic acid 2.5 mg 42%,,0.6546,0.5211,CONTEXT,0.4152,0.4206,0.5211,0.4834,0.1335,1,1,0
64.png,Zink/zinc,Zink/zinc,,0.8236,0.493,CONTEXT,0.4681,0.4458,0.493,0.4892,0.3306,1,1,0
67.jpeg,VIGANTOL,VIGANTOL,,0.5766,0.3895,NOISE,0.3191,0.3068,0.3365,0.3895,0.187,0,1,0
67.jpeg,10001.E,10001.E VitaminD3Tabletten,,0.5632,0.4426,CONTEXT,0.4139,0.3484,0.4426,0.4035,0.1206,0,1,0
67.jpeg,"Fur Sauqlinge,Kinder und Erwachsene.Zum Einnehmen.","Fur Sauqlinge,Kinder und Erwachsene.Zum Einnehmen.",,0.5472,0.6037,NOISE,0.4547,0.4339,0.5439,0.6037,-0.0566,0,0,0
67.jpeg,"Zur Vorbeugung gegen Rachitis,auch bei Fruhgeborenen,bei erkennbarem","Zur Vorbeugung gegen Rachitis,auch bei Fruhgeborenen,bei erkennbarem",,0.509,0.5008,NOISE,0.3943,0.3642,0.4717,0.5008,0.0083,0,0,0
67.jpeg,"Resorptionsstorung,zur unterstutzenden Behandlung der Osteoporose.","Resorptionsstorung,zur unterstutzenden Behandlung der Osteoporose.",,0.4526,0.4197,CONTEXT,0.3897,0.3778,0.4197,0.4128,0.0329,0,0,0
67.jpeg,Packungsbeilage beachten.Arzneimittel fur Kinder unzuganglich aufbewahren.,Packungsbeilage beachten.Arzneimittel fur Kinder unzuganglich aufbewahren.,,0.4165,0.5142,NOISE,0.3853,0.3455,0.4277,0.5142,-0.0977,0,0,0
67.jpeg,"Nicht uber 25 C lagern.Im Umkarton aufbewahren,","Nicht uber 25 C lagern.Im Umkarton aufbewahren,",,0.454,0.6486,NOISE,0.3863,0.416,0.4321,0.6486,-0.1946,0,0,0
67.jpeg,um den Inhalt vor Licht zu schutzen.,um den Inhalt vor Licht zu schutzen.,,0.4766,0.5743,NOISE,0.4319,0.4286,0.4743,0.5743,-0.0976,0,0,0
67.jpeg,Apothekenpflichtig.Zul.-Nr.6154298.01.00,Apothekenpflichtig.Zul.-Nr.6154298.01.00,,0.5214,0.4967,NOISE,0.451,0.4259,0.4886,0.4967,0.0247,0,0,0
68.jpeg,madda nutricional:/Informacao nutricional:/Dichiarazione nutrizionale:/Naringsinneh,dd madda nutricional:/Informacao nutricional:/Dichiarazione nutrizionale:/Naringsinneh 100g 24gA,,0.5337,0.5357,CONTEXT,0.4845,0.4533,0.5357,0.5146,-0.002,0,0,0
68.jpeg,dd,dd madda nutricional:/Informacao nutricional:/Dichiarazione nutrizionale:/Naringsinneh 100g 24gA,,0.5337,0.5357,CONTEXT,0.4845,0.4533,0.5357,0.5146,-0.002,0,0,0
68.jpeg,24gA,dd madda nutricional:/Informacao nutricional:/Dichiarazione nutrizionale:/Naringsinneh 100g 24gA,,0.5337,0.5357,CONTEXT,0.4845,0.4533,0.5357,0.5146,-0.002,0,0,0
68.jpeg,alputiot,Enegy/Eneg(ela)/Valor energetico k (kcal) 1578 (37) 59 0 alputiot,,0.6534,0.5522,UNIT,0.4769,0.5522,0.4497,0.4209,0.1011,0,1,0
68.jpeg,Enegy/Eneg(ela)/Valor energetico k (kcal),Enegy/Eneg(ela)/Valor energetico k (kcal) 1578 (37) 59 0 alputiot,,0.6534,0.5522,UNIT,0.4769,0.5522,0.4497,0.4209,0.1011,1,1,0
68.jpeg,59 0,Enegy/Eneg(ela)/Valor energetico k (kcal) 1578 (37) 59 0 alputiot,,0.6534,0.5522,UNIT,0.4769,0.5522,0.4497,0.4209,0.1011,0,1,0
68.jpeg,Fa/fe/Maeresgrases/Vetten/Grasas/Upidos/Grassi,Fa/fe/Maeresgrases/Vetten/Grasas/Upidos/Grassi 0.69,,0.5817,0.4653,CONTEXT,0.444,0.4507,0.4653,0.4446,0.1164,1,1,0
68.jpeg,wnan verzadde vetzuren/de las cuales saturadas/dos quais acidos gordos,ssturados/d cul acidigrassisaturi/varav mattat fett wnan verzadde vetzuren/de las cuales saturadas/dos quais acidos gordos 05 g,,0.612,0.482,CONTEXT,0.4764,0.4276,0.482,0.4539,0.1299,1,1,0
68.jpeg,ssturados/d cul acidigrassisaturi/varav mattat fett,ssturados/d cul acidigrassisaturi/varav mattat fett wnan verzadde vetzuren/de las cuales saturadas/dos quais acidos gordos 05 g,,0.612,0.482,CONTEXT,0.4764,0.4276,0.482,0.4539,0.1299,1,1,0
68.jpeg,Cartoidras /Kohydrat,Cartoidras /Kohydrat 529,,0.6139,0.4407,NOISE,0.3795,0.3675,0.4052,0.4407,0.1732,0,1,0
68.jpeg,Prter(e/Ehws8/Proteines/Eiwtten/Proteinas,Prter(e/Ehws8/Proteines/Eiwtten/Proteinas 64 g 2,,0.6349,0.4672,CONTEXT,0.4192,0.4582,0.4672,0.4263,0.1676,1,1,0
68.jpeg,/S/2//25/,/S/2//25/ 0.49,,0.518,0.4546,NOISE,0.4438,0.4318,0.4448,0.4546,0.0634,0,0,0
68.jpeg,AAl-tice/1-Van/L-valna,AAl-tice/1-Van/L-valna 100g 579,,0.5424,0.5109,CONTEXT,0.4098,0.4291,0.5109,0.4542,0.0315,0,0,0
68.jpeg,AAesdre/1-Leucin/L-leucina,AAesdre/1-Leucin/L-leucina 979 51 29,,0.4619,0.4417,CONTEXT,0.3796,0.4239,0.4417,0.4406,0.0203,1,0,0
68.jpeg,A-ure/t-lsoleucin/Lisoleudna,Bre/1-lsn/L-isina A-ure/t-lsoleucin/Lisoleudna 679,,0.4472,0.4284,CONTEXT,0.3632,0.4028,0.4284,0.4089,0.0187,1,0,0
68.jpeg,Bre/1-lsn/L-isina,Bre/1-lsn/L-isina A-ure/t-lsoleucin/Lisoleudna 679,,0.4472,0.4284,CONTEXT,0.3632,0.4028,0.4284,0.4089,0.0187,1,0,0
68.jpeg,SA,e/Lsidn/t-hstidna/L-istidina 159 8.69 SA,,0.4629,0.4487,UNIT,0.3974,0.4487,0.4195,0.4303,0.0142,0,0,0
68.jpeg,e/Lsidn/t-hstidna/L-istidina,e/Lsidn/t-hstidna/L-istidina 159 8.69 SA,,0.4629,0.4487,UNIT,0.3974,0.4487,0.4195,0.4303,0.0142,1,0,0
68.jpeg,Sry,2.09 Sry,,0.5137,0.4673,NOISE,0.4189,0.4128,0.4357,0.4673,0.0464,0,0,0
78.jpeg,DSKTEN,VIGANTOLVIT DSKTEN,,0.5037,0.4016,NOISE,0.3325,0.3015,0.3601,0.4016,0.1021,0,1,0
78.jpeg,VIGANTOLVIT,VIGANTOLVIT DSKTEN,,0.5037,0.4016,NOISE,0.3325,0.3015,0.3601,0.4016,0.1021,0,1,0
78.jpeg,Nahrungseryanzungsmittel,Nahrungseryanzungsmittel,,0.599,0.5505,NOISE,0.4379,0.3965,0.462,0.5505,0.0485,0,0,0
78.jpeg,rnit Vitamin D3,rnit Vitamin D3 Tcn.Ghooin,,0.6189,0.4955,CONTEXT,0.3894,0.3948,0.4955,0.4592,0.1235,1,1,0
78.jpeg,Tcn.Ghooin,rnit Vitamin D3 Tcn.Ghooin,,0.6189,0.4955,CONTEXT,0.3894,0.3948,0.4955,0.4592,0.1235,0,1,0
78.jpeg,VEMIESRESIRFEHUG,VitaminD3 20001.E VEMIESRESIRFEHUG,,0.6239,0.4626,CONTEXT,0.3717,0.3433,0.4626,0.4028,0.1613,0,1,0
78.jpeg,VitaminD3 20001.E,VitaminD3 20001.E VEMIESRESIRFEHUG,,0.6239,0.4626,CONTEXT,0.3717,0.3433,0.4626,0.4028,0.1613,1,1,0
78.jpeg,FEe1hY,FEe1hY,,0.4842,0.3838,NOISE,0.3269,0.3304,0.3745,0.3838,0.1004,0,1,0
78.jpeg,Erhaltung normaler Knochen und einer,normalen Muskelfunktion Erhaltung normaler Knochen und einer WCerheeg,,0.4272,0.418,NOISE,0.3384,0.3394,0.3617,0.418,0.0092,0,0,0
78.jpeg,WCerheeg,normalen Muskelfunktion Erhaltung normaler Knochen und einer WCerheeg,,0.4272,0.418,NOISE,0.3384,0.3394,0.3617,0.418,0.0092,0,0,0
78.jpeg,normalen Muskelfunktion,normalen Muskelfunktion Erhaltung normaler Knochen und einer WCerheeg,,0.4272,0.418,NOISE,0.3384,0.3394,0.3617,0.418,0.0092,0,0,0
78.jpeg,normalen Funktion.des Inmunsystens,normalen Funktion.des Inmunsystens,,0.4485,0.4569,CONTEXT,0.3696,0.3806,0.4569,0.451,-0.0083,0,0,0
78.jpeg,und der Zellteilung,und der Zellteilung norrnalen Aufnahrne von Calcium 1.,,0.5462,0.4634,CONTEXT,0.4,0.4153,0.4634,0.4201,0.0828,0,0,0
78.jpeg,norrnalen Aufnahrne von Calcium,und der Zellteilung norrnalen Aufnahrne von Calcium 1.,,0.5462,0.4634,CONTEXT,0.4,0.4153,0.4634,0.4201,0.0828,0,0,0
78.jpeg,Enrkugurdeertelmoiie,Enrkugurdeertelmoiie,,0.3839,0.3637,NOISE,0.301,0.3151,0.3456,0.3637,0.0202,0,0,0
78.jpeg,Parvreeenrue,Nahrstoff Ipro Kapsel pukarermwy Parvreeenrue,,0.4307,0.4215,NOISE,0.3594,0.3931,0.3976,0.4215,0.0092,0,0,0
78.jpeg,pukarermwy,Nahrstoff Ipro Kapsel pukarermwy Parvreeenrue,,0.4307,0.4215,NOISE,0.3594,0.3931,0.3976,0.4215,0.0092,0,0,0
78.jpeg,VitaminD50g20001E1000%,VitaminD50g20001E1000% deSrerrinDetrotniMetdenme,,0.6077,0.4846,CONTEXT,0.4438,0.3732,0.4846,0.4599,0.1231,0,1,0
78.jpeg,deSrerrinDetrotniMetdenme,VitaminD50g20001E1000% deSrerrinDetrotniMetdenme,,0.6077,0.4846,CONTEXT,0.4438,0.3732,0.4846,0.4599,0.1231,0,1,0
78.jpeg,Nercaren.rrnCam,Referenznenge for die tagiche Zufuhr Nercaren.rrnCam epdn utcoUrWgxg,,0.4883,0.5506,CONTEXT,0.4859,0.4262,0.5506,0.4792,-0.0623,0,0,0
78.jpeg,Referenznenge for die tagiche Zufuhr,Referenznenge for die tagiche Zufuhr Nercaren.rrnCam epdn utcoUrWgxg,,0.4883,0.5506,CONTEXT,0.4859,0.4262,0.5506,0.4792,-0.0623,0,0,0
78.jpeg,epdn utcoUrWgxg,Referenznenge for die tagiche Zufuhr Nercaren.rrnCam epdn utcoUrWgxg,,0.4883,0.5506,CONTEXT,0.4859,0.4262,0.5506,0.4792,-0.0623,0,0,0
78.jpeg,pema8Verordnung EUNr.116//2011,pema8Verordnung EUNr.116//2011 EdungvonNerectencohiwc,,0.411,0.4297,CONTEXT,0.4197,0.3206,0.4297,0.4274,-0.0187,0,0,0
78.jpeg,EdungvonNerectencohiwc,pema8Verordnung EUNr.116//2011 EdungvonNerectencohiwc,,0.411,0.4297,CONTEXT,0.4197,0.3206,0.4297,0.4274,-0.0187,0,0,0
78.jpeg,EaaevnWaraccrsopr,120Kapseln=21.6g EaaevnWaraccrsopr,,0.5918,0.5234,QUANTITY,0.5234,0.4432,0.4971,0.4116,0.0684,0,0,0
78.jpeg,Vianin Denphgn,Mindestens haltbar bi Ende:siehe Seterkarche Vianin Denphgn pRptrabcerPecmencn,,0.5127,0.6938,NOISE,0.4135,0.3791,0.4549,0.6938,-0.1811,0,0,0
78.jpeg,pRptrabcerPecmencn,Mindestens haltbar bi Ende:siehe Seterkarche Vianin Denphgn pRptrabcerPecmencn,,0.5127,0.6938,NOISE,0.4135,0.3791,0.4549,0.6938,-0.1811,0,0,0
78.jpeg,Kindernkagen,Nicht ober 25C und trocken lagern Kindernkagen,,0.4221,0.6234,NOISE,0.3278,0.3654,0.3926,0.6234,-0.2013,0,0,0
82.jpeg,Nutrition information:,Nutrition information:,,0.6405,0.5879,CONTEXT,0.4356,0.4179,0.5879,0.5618,0.0526,0,0,0
82.jpeg,3g/1level teaspoon,3g/1level teaspoon,,0.5843,0.5169,CONTEXT,0.468,0.5055,0.5169,0.5095,0.0674,0,0,0
82.jpeg,Energy,Energy 0kJ/okcal OkJ/o kcal,,0.6464,0.6217,UNIT,0.4612,0.6217,0.4538,0.4585,0.0247,1,0,1
82.jpeg,0kJ/okcal,Energy 0kJ/okcal OkJ/o kcal,,0.6464,0.6217,UNIT,0.4612,0.6217,0.4538,0.4585,0.0247,0,0,0
82.jpeg,OkJ/o kcal,Energy 0kJ/okcal OkJ/o kcal,,0.6464,0.6217,UNIT,0.4612,0.6217,0.4538,0.4585,0.0247,0,0,0
82.jpeg,Protein,Protein og 60,,0.675,0.5183,NOISE,0.4188,0.3718,0.4678,0.5183,0.1567,1,1,1
82.jpeg,og,Protein og 60,,0.675,0.5183,NOISE,0.4188,0.3718,0.4678,0.5183,0.1567,0,1,0
82.jpeg,Carbohydrates,Carbohydrates 60 og,,0.6875,0.508,NOISE,0.4371,0.4493,0.4407,0.508,0.1795,1,1,1
82.jpeg,og,Carbohydrates 60 og,,0.6875,0.508,NOISE,0.4371,0.4493,0.4407,0.508,0.1795,0,1,0
82.jpeg,Fat,Fat og og,,0.7801,0.4866,NOISE,0.3973,0.3752,0.4345,0.4866,0.2935,1,1,1
82.jpeg,og,Fat og og,,0.7801,0.4866,NOISE,0.3973,0.3752,0.4345,0.4866,0.2935,0,1,0
82.jpeg,og,Fat og og,,0.7801,0.4866,NOISE,0.3973,0.3752,0.4345,0.4866,0.2935,0,1,0
82.jpeg,Creatine,Creatine monohydrate 100g 3 g,,0.6456,0.5321,CONTEXT,0.4161,0.4906,0.5321,0.4649,0.1135,1,1,1
82.jpeg,monohydrate,Creatine monohydrate 100g 3 g,,0.6456,0.5321,CONTEXT,0.4161,0.4906,0.5321,0.4649,0.1135,1,1,1
88.png,Fett/lipides/fat/grassi,Fett/lipides/fat/grassi 0.5 g,,0.7243,0.5155,CONTEXT,0.4822,0.4834,0.5155,0.4816,0.2088,1,1,0
88.png,davon gesattigte Fettsauren/,davon gesattigte Fettsauren/ 1.6 g,,0.7034,0.5249,CONTEXT,0.4715,0.4508,0.5249,0.4815,0.1785,1,1,0
88.png,of which saturated fatty acids,of which saturated fatty acids,,0.7887,0.4476,NOISE,0.3794,0.3497,0.4241,0.4476,0.3411,1,1,0
88.png,Kohlenhydrate/glucides/,Kohlenhydrate/glucides/,,0.7736,0.5088,NOISE,0.4604,0.4565,0.4476,0.5088,0.2648,1,1,0
88.png,carbohydrates/carboidrati,carbohydrates/carboidrati,,0.823,0.5278,NOISE,0.4733,0.4527,0.4724,0.5278,0.2952,1,1,0
88.png,Eiweiss/protein(e)/protéines,Eiweiss/protein(e)/protéines,,0.6798,0.4632,NOISE,0.4039,0.3839,0.4482,0.4632,0.2166,1,1,0
88.png,Salt/sel/salt/sale**,Salt/sel/salt/sale**,,0.6236,0.5268,CONTEXT,0.4913,0.4299,0.5268,0.5102,0.0968,1,0,0
90.png,Nahrwerte/valeurs nutritives/.,Nahrwerte/valeurs nutritives/.,,0.6309,0.5891,QUANTITY,0.5891,0.4865,0.5497,0.5509,0.0418,0,0,0
90.png,Energie/energy kJ (kcal),Energie/energy kJ (kcal),,0.6816,0.6323,UNIT,0.4619,0.6323,0.4355,0.4488,0.0493,1,0,0
90.png,Fett/lipides/fat,Fett/lipides/fat,,0.7061,0.5239,NOISE,0.453,0.4333,0.5003,0.5239,0.1822,1,1,0
90.png,davon gesattigte Fettsauren/,davon gesattigte Fettsauren/,,0.7336,0.4638,CONTEXT,0.3838,0.3515,0.4638,0.4619,0.2699,1,1,0
90.png,of which saturated fatty acids,of which saturated fatty acids,,0.7887,0.4476,NOISE,0.3794,0.3497,0.4241,0.4476,0.3411,1,1,0
90.png,Kohlenhydrate/glucides/carbohydrates,Kohlenhydrate/glucides/carbohydrates,,0.7759,0.5215,NOISE,0.5016,0.4833,0.4687,0.5215,0.2544,1,1,0
90.png,davon Zuckerarten/of which sugars/,davon Zuckerarten/of which sugars/,,0.7604,0.4811,QUANTITY,0.4811,0.4272,0.4402,0.4632,0.2794,1,1,0
90.png,Eiweiss/proteines/protein,Eiweiss/proteines/protein,,0.7453,0.5249,NOISE,0.4449,0.4112,0.4828,0.5249,0.2203,1,1,0
90.png,Salz/sel/salt,Salz/sel/salt,,0.6537,0.5505,NOISE,0.4643,0.4359,0.5041,0.5505,0.1032,1,1,0
90.png,Magnesium/magnesium,Magnesium/magnesium,,0.8205,0.4898,NOISE,0.4631,0.4835,0.4869,0.4898,0.3306,1,1,0
91.png,TROPIC MANGO,TROPIC MANGO,,0.487,0.4819,NOISE,0.3756,0.3444,0.392,0.4819,0.0051,0,0,0
91.png,TYPISCHENAHRWERTE/,TYPISCHENAHRWERTE/,,0.4701,0.5036,QUANTITY,0.5036,0.4088,0.4568,0.4747,-0.0335,0,0,0
91.png,VALEURNUTRITIVE/NUTRITION,VALEURNUTRITIVE/NUTRITION,,0.6025,0.5795,CONTEXT,0.5583,0.4787,0.5795,0.4994,0.023,0,0,0
91.png,FACTS/VALORINUTRITIVI,FACTS/VALORINUTRITIVI,,0.5463,0.5363,CONTEXT,0.5184,0.4195,0.5363,0.5162,0.01,0,0,0
91.png,Energie/energy/energia kJ (kcal,Energie/energy/energia kJ (kcal,,0.6829,0.613,UNIT,0.4707,0.613,0.4434,0.4546,0.0699,1,0,0
91.png,Fett/lipides/fat/grassi,Fett/lipides/fat/grassi,,0.6419,0.5234,NOISE,0.4869,0.4591,0.4909,0.5234,0.1185,1,1,0
91.png,davon gesattigte Fettsauren/,davon gesattigte Fettsauren/,,0.7336,0.4638,CONTEXT,0.3838,0.3515,0.4638,0.4619,0.2699,1,1,0
91.png,of which saturated fatty acids,of which saturated fatty acids,,0.7887,0.4476,NOISE,0.3794,0.3497,0.4241,0.4476,0.3411,1,1,0
91.png,Kohlenhydrate/glucides/,Kohlenhydrate/glucides/,,0.7736,0.5088,NOISE,0.4604,0.4565,0.4476,0.5088,0.2648,1,1,0
91.png,carbohydrates/carboidrati,carbohydrates/carboidrati,,0.823,0.5278,NOISE,0.4733,0.4527,0.4724,0.5278,0.2952,1,1,0
91.png,davon Zuckerarten/of which sugars,davon Zuckerarten/of which sugars,,0.7717,0.4735,QUANTITY,0.4735,0.4143,0.4316,0.4516,0.2982,1,1,0
91.png,Eiweiss/protein(e)/protéines,Eiweiss/protein(e)/protéines,,0.6798,0.4632,NOISE,0.4039,0.3839,0.4482,0.4632,0.2166,1,1,0
91.png,Salz/sel/salt/sale**,Salz/sel/salt/sale** 0.10 g,,0.784,0.5141,QUANTITY,0.5141,0.4915,0.5115,0.5016,0.2699,1,1,0
91.png,de référencel,de référencel,,0.5055,0.5056,CONTEXT,0.4024,0.3566,0.5056,0.4771,-0.0001,0,0,0
91.png,Nahr,Nahr,,0.615,0.451,NOISE,0.4198,0.2838,0.3475,0.451,0.164,0,1,0
101.png,Durchschnittliche Nahrwerte,Durchschnittliche Nahrwerte,,0.531,0.6107,NOISE,0.5433,0.4508,0.4685,0.6107,-0.0798,0,0,0
101.png,Energie,Energie 1625 kJ 383 kcal,,0.6586,0.5388,UNIT,0.4226,0.5388,0.4767,0.5183,0.1198,1,1,1
101.png,Fett,Fett,,1.0,0.4296,NOISE,0.3095,0.3008,0.334,0.4296,0.5704,1,1,1
101.png,-davon gesattigte Fettsauren,-davon gesattigte Fettsauren <0.1 g,,0.6406,0.4651,CONTEXT,0.411,0.3971,0.4651,0.4527,0.1755,1,1,0
101.png,Kohlenhydrate,Kohlenhydrate 86.1 g,,0.7454,0.475,NOISE,0.4582,0.4708,0.4469,0.475,0.2704,1,1,1
101.png,-davon Zucker,-davon Zucker 8.9 g,,0.6756,0.5188,QUANTITY,0.5188,0.4438,0.4734,0.499,0.1568,1,1,0
101.png,Ballaststoffe,Ballaststoffe 3.0 g,,0.7174,0.4529,NOISE,0.429,0.4302,0.4188,0.4529,0.2645,1,1,1
101.png,Eiweiss,Eiweiss 6.3 g,,0.7195,0.4425,NOISE,0.432,0.428,0.4317,0.4425,0.2769,1,1,1
101.png,Salz,Salz 0.09 g,,0.8802,0.479,NOISE,0.4612,0.4508,0.4719,0.479,0.4012,1,1,1
101.png,0.44 mg (88 %)3,Thiamin 0.44 mg (88 %)3,,0.6549,0.4879,CONTEXT,0.4637,0.4286,0.4879,0.4622,0.167,0,1,0
101.png,Thiamin,Thiamin 0.44 mg (88 %)3,,0.6549,0.4879,CONTEXT,0.4637,0.4286,0.4879,0.4622,0.167,1,1,1
101.png,Natrium,Natrium 36 mg,,0.7252,0.4624,QUANTITY,0.4624,0.4591,0.4605,0.4522,0.2628,1,1,1
102.png,Durchschnittliche Nahrwerte,Durchschnittliche Nahrwerte,,0.531,0.6107,NOISE,0.5433,0.4508,0.4685,0.6107,-0.0798,0,0,0
102.png,Energie,Energie,,1.0,0.5075,UNIT,0.4338,0.5075,0.4057,0.5014,0.4925,1,1,1
102.png,Fett,Fett,,1.0,0.4296,NOISE,0.3095,0.3008,0.334,0.4296,0.5704,1,1,1
102.png,davon gesattigte,davon gesattigte,,0.6232,0.5413,NOISE,0.3944,0.3746,0.4401,0.5413,0.0819,1,0,1
102.png,Fettsauren,Fettsauren,,0.7128,0.3722,NOISE,0.2676,0.2577,0.2939,0.3722,0.3406,1,1,1
102.png,Kohlenhydrate,Kohlenhydrate,,1.0,0.5466,NOISE,0.4,0.4211,0.4208,0.5466,0.4534,1,1,1
102.png,-davon Zucker,-davon Zucker,,0.8418,0.5402,NOISE,0.4231,0.3673,0.4316,0.5402,0.3016,1,1,0
102.png,Ballaststoffe,Ballaststoffe,,1.0,0.5179,NOISE,0.4034,0.3928,0.397,0.5179,0.4821,1,1,1
102.png,Eiweiss,Eiweiss,,0.7913,0.4257,NOISE,0.3271,0.3257,0.3505,0.4257,0.3656,1,1,1
102.png,Salz,Salz,,1.0,0.4679,NOISE,0.3417,0.3201,0.3459,0.4679,0.5321,1,1,1
102.png,AA,AA,,0.6294,0.6682,NOISE,0.4196,0.3682,0.4558,0.6682,-0.0387,0,0,0
103.jpeg,Durchschnittliche,Nahrwerte Durchschnittliche 100g pro 12g) pro Port.,,0.5733,0.5746,CONTEXT,0.5022,0.4814,0.5746,0.4984,-0.0013,0,0,0
103.jpeg,pro,Nahrwerte Durchschnittliche 100g pro 12g) pro Port.,,0.5733,0.5746,CONTEXT,0.5022,0.4814,0.5746,0.4984,-0.0013,0,0,0
103.jpeg,Nahrwerte,Nahrwerte Durchschnittliche 100g pro 12g) pro Port.,,0.5733,0.5746,CONTEXT,0.5022,0.4814,0.5746,0.4984,-0.0013,0,0,0
103.jpeg,166k/,Energie 328 1383 kcal kJ 39 166k/ kcal,,0.6212,0.5774,UNIT,0.4085,0.5774,0.4396,0.4529,0.0438,0,0,0
103.jpeg,Energie,Energie 328 1383 kcal kJ 39 166k/ kcal,,0.6212,0.5774,UNIT,0.4085,0.5774,0.4396,0.4529,0.0438,1,0,1
103.jpeg,6t'0,Fett davon gesattigte Fettsauren 3.7 g 6t'0,,0.6801,0.4558,CONTEXT,0.4084,0.4007,0.4558,0.4323,0.2243,0,1,0
103.jpeg,Fett,Fett davon gesattigte Fettsauren 3.7 g 6t'0,,0.6801,0.4558,CONTEXT,0.4084,0.4007,0.4558,0.4323,0.2243,1,1,1
103.jpeg,davon gesattigte Fettsauren,Fett davon gesattigte Fettsauren 3.7 g 6t'0,,0.6801,0.4558,CONTEXT,0.4084,0.4007,0.4558,0.4323,0.2243,1,1,0
103.jpeg,Og,0.4 g Og,,0.6616,0.4814,QUANTITY,0.4814,0.4668,0.4813,0.4756,0.1802,0,1,0
103.jpeg,Kohlenhydrate,Kohlenhydrate davon Zucker 51 51 g g 6.1 6.1 g g,,0.6233,0.4622,UNIT,0.4486,0.4622,0.4306,0.4413,0.1611,1,1,1
103.jpeg,davon Zucker,Kohlenhydrate davon Zucker 51 51 g g 6.1 6.1 g g,,0.6233,0.4622,UNIT,0.4486,0.4622,0.4306,0.4413,0.1611,1,1,0
103.jpeg,Ballaststoffe,Ballaststoffe 16 g 1.9 g,,0.671,0.4904,UNIT,0.4445,0.4904,0.445,0.4315,0.1807,1,1,1
103.jpeg,Eiweiss,Eiweiss 7.7 g 66.0,,0.6902,0.4654,UNIT,0.4478,0.4654,0.4386,0.4514,0.2248,1,1,1
103.jpeg,Og,Salz Og Og,,0.7281,0.4783,NOISE,0.3256,0.3067,0.394,0.4783,0.2498,0,1,0
103.jpeg,Og,Salz Og Og,,0.7281,0.4783,NOISE,0.3256,0.3067,0.394,0.4783,0.2498,0,1,0
103.jpeg,Salz,Salz Og Og,,0.7281,0.4783,NOISE,0.3256,0.3067,0.394,0.4783,0.2498,1,1,1
104.jpeg,Durchschnittliche,Nahrwerte Durchschnittliche pro 100g pro Port. 14g),,0.5188,0.5377,CONTEXT,0.4613,0.4818,0.5377,0.4933,-0.0189,0,0,0
104.jpeg,pro,Nahrwerte Durchschnittliche pro 100g pro Port. 14g),,0.5188,0.5377,CONTEXT,0.4613,0.4818,0.5377,0.4933,-0.0189,0,0,0
104.jpeg,Nahrwerte,Nahrwerte Durchschnittliche pro 100g pro Port. 14g),,0.5188,0.5377,CONTEXT,0.4613,0.4818,0.5377,0.4933,-0.0189,0,0,0
104.jpeg,Energie,Energie 361 1528 kcal kJ 51 214k/ kcal,,0.6317,0.5622,UNIT,0.4362,0.5622,0.443,0.441,0.0695,1,0,1
104.jpeg,214k/,Energie 361 1528 kcal kJ 51 214k/ kcal,,0.6317,0.5622,UNIT,0.4362,0.5622,0.443,0.441,0.0695,0,0,0
104.jpeg,Fett,Fett davon gesattigte Fettsauren 2.6 g 60,,0.6767,0.4518,CONTEXT,0.3982,0.4146,0.4518,0.4255,0.2248,1,1,1
104.jpeg,davon gesattigte Fettsauren,Fett davon gesattigte Fettsauren 2.6 g 60,,0.6767,0.4518,CONTEXT,0.3982,0.4146,0.4518,0.4255,0.2248,1,1,0
104.jpeg,Kohlenhydrate,Kohlenhydrate davon Zucker 72 72 g g 10 g,,0.6496,0.5149,QUANTITY,0.5149,0.4938,0.4714,0.4557,0.1347,1,1,1
104.jpeg,davon Zucker,Kohlenhydrate davon Zucker 72 72 g g 10 g,,0.6496,0.5149,QUANTITY,0.5149,0.4938,0.4714,0.4557,0.1347,1,1,0
104.jpeg,Ballaststoffe,Ballaststoffe 10 g 1.4 10 g g,,0.6126,0.4827,QUANTITY,0.4827,0.4684,0.4442,0.3967,0.1299,1,1,1
104.jpeg,Eiweif,Eiweif 3.2 g Og,,0.6755,0.438,CONTEXT,0.433,0.4112,0.438,0.405,0.2375,0,1,0
104.jpeg,Og,Eiweif 3.2 g Og,,0.6755,0.438,CONTEXT,0.433,0.4112,0.438,0.405,0.2375,0,1,0
104.jpeg,Salz,Salz 0.1 g 0 g,,0.8883,0.4976,CONTEXT,0.4612,0.491,0.4976,0.4541,0.3907,1,1,1
105.png,Durchschnittliche Nahrwerte,Durchschnittliche Nahrwerte,,0.531,0.6107,NOISE,0.5433,0.4508,0.4685,0.6107,-0.0798,0,0,0
105.png,1Portion*12g),1Portion*12g),,0.6251,0.5457,CONTEXT,0.545,0.4631,0.5457,0.5326,0.0794,0,0,0
105.png,Energie,Energie 1320 kJ,,0.6909,0.4788,UNIT,0.4164,0.4788,0.4218,0.4296,0.2121,1,1,1
105.png,Fett,Fett,,1.0,0.4296,NOISE,0.3095,0.3008,0.334,0.4296,0.5704,1,1,1
105.png,davon gesattigte,davon gesattigte 0.0 g,,0.705,0.5412,CONTEXT,0.4945,0.4268,0.5412,0.4582,0.1638,1,1,1
105.png,Fettsauren,Fettsauren,,0.7128,0.3722,NOISE,0.2676,0.2577,0.2939,0.3722,0.3406,1,1,1
105.png,e 52.1g,Kohlenhydrate e 52.1g,,0.748,0.4362,CONTEXT,0.4228,0.4256,0.4362,0.4058,0.3118,0,1,0
105.png,Kohlenhydrate,Kohlenhydrate e 52.1g,,0.748,0.4362,CONTEXT,0.4228,0.4256,0.4362,0.4058,0.3118,1,1,1
105.png,-davon Zucker,-davon Zucker 51.4 g,,0.6764,0.4929,QUANTITY,0.4929,0.4375,0.4729,0.4832,0.1835,1,1,0
105.png,Ballaststoffe,Ballaststoffe 15.5 g,,0.6914,0.4493,CONTEXT,0.4472,0.4351,0.4493,0.4466,0.2422,1,1,1
105.png,Eiweiss,Eiweiss,,0.7913,0.4257,NOISE,0.3271,0.3257,0.3505,0.4257,0.3656,1,1,1
105.png,Salz,Salz,,1.0,0.4679,NOISE,0.3417,0.3201,0.3459,0.4679,0.5321,1,1,1
106.png,Vitamine und Mineralstoffe/,Vitamine und Mineralstoffe/,,0.5882,0.4908,NOISE,0.421,0.4527,0.4882,0.4908,0.0974,1,0,0
106.png,Vitamines et sels minéraux/Vitamine,Vitamines et sels minéraux/Vitamine,,0.5804,0.4781,CONTEXT,0.4163,0.4424,0.4781,0.4541,0.1023,1,1,0
106.png,e sali minerali/Vitaminok es asvanyi,e sali minerali/Vitaminok es asvanyi,,0.613,0.5134,CONTEXT,0.4368,0.3971,0.5134,0.4616,0.0995,1,0,0
106.png,anyagok/Vitamini in minerali,anyagok/Vitamini in minerali,,0.592,0.4625,QUANTITY,0.4625,0.4444,0.4386,0.4438,0.1295,1,1,0
106.png,Pro Stick/ Par sachet/,Pro Stick/ Par sachet/ %,,0.4851,0.5756,CONTEXT,0.4531,0.3821,0.5756,0.4961,-0.0904,0,0,0
106.png,Per bustina/Egy,Per bustina/Egy NRV/,,0.4142,0.4794,NOISE,0.4231,0.3585,0.4517,0.4794,-0.0653,0,0,0
106.png,PDV*,tasakban/Na vrecko PDV*,,0.4382,0.503,NOISE,0.4328,0.4352,0.452,0.503,-0.0649,0,0,0
106.png,tasakban/Na vrecko,tasakban/Na vrecko PDV*,,0.4382,0.503,NOISE,0.4328,0.4352,0.452,0.503,-0.0649,0,0,0
106.png,VitaminE/VitamineE,VitaminE/VitamineE,,0.6458,0.5106,CONTEXT,0.4237,0.3978,0.5106,0.4778,0.1351,1,1,0
106.png,VitaminaE/E-vitamin/,VitaminaE/E-vitamin/,,0.623,0.4815,CONTEXT,0.379,0.3906,0.4815,0.4585,0.1414,1,1,0
106.png,VitaminE,VitaminE 12 mg a-TE 100%,,0.6527,0.4783,CONTEXT,0.4511,0.3519,0.4783,0.4142,0.1743,1,1,1
106.png,Magnesium/Magnesium/,Magnesium/Magnesium/,,0.8099,0.4942,NOISE,0.4539,0.488,0.4787,0.4942,0.3157,1,1,0
106.png,Magnesio/Magnezium/,Magnesio/Magnezium/,,0.8065,0.4943,NOISE,0.4521,0.4782,0.4868,0.4943,0.3122,1,1,0
106.png,Magnezij,Magnezij 250 mg 67%,,0.6465,0.5329,NOISE,0.394,0.4291,0.4555,0.5329,0.1136,1,1,1
106.png,nutrionnelles de reference/taplalkozasi,nutrionnelles de reference/taplalkozasi,,0.4699,0.5768,CONTEXT,0.3988,0.3854,0.5768,0.4575,-0.1069,0,0,0
106.png,referenciaertek/VNR=Valori Nutritivi di,referenciaertek/VNR=Valori Nutritivi di,,0.5747,0.5818,CONTEXT,0.5143,0.4478,0.5818,0.5272,-0.0071,0,0,0
106.png,Riferimento/*PDV=priporoeni dnevni vnos,Riferimento/*PDV=priporoeni dnevni vnos,,0.4883,0.6797,CONTEXT,0.4881,0.4182,0.6797,0.5706,-0.1914,0,0,0
107.png,Zusammensetzung,Zusammensetzung,,0.5688,0.6885,NOISE,0.4767,0.4324,0.515,0.6885,-0.1197,0,0,0
107.png,Vitamin B1,Vitamin B1,,0.7769,0.4574,NOISE,0.3736,0.354,0.4289,0.4574,0.3196,1,1,1
107.png,Vitamin B2,Vitamin B2,,0.8332,0.426,CONTEXT,0.3681,0.3383,0.426,0.4208,0.4072,1,1,1
107.png,Vitamin B6,Vitamin B6,,0.7778,0.4388,NOISE,0.3904,0.3542,0.4357,0.4388,0.3391,1,1,1
107.png,2.5 9,2.5 9,,0.5891,0.4615,NOISE,0.4395,0.3939,0.4438,0.4615,0.1277,0,1,0
107.png,Vitamin B12,Vitamin B12,,1.0,0.4571,CONTEXT,0.442,0.3365,0.4571,0.4465,0.5429,1,1,1
107.png,VitaminC,VitaminC,,0.9158,0.4691,NOISE,0.3767,0.3424,0.4325,0.4691,0.4467,1,1,1
107.png,Vitamin E,Vitamin E,,0.7866,0.4702,NOISE,0.3945,0.3474,0.4683,0.4702,0.3164,1,1,1
107.png,Niacin,Niacin,,1.0,0.4419,NOISE,0.4085,0.2924,0.3853,0.4419,0.5581,1,1,1
107.png,Biotin,Biotin,,1.0,0.4408,NOISE,0.3295,0.3053,0.4066,0.4408,0.5592,1,1,1
107.png,Folsaure,Folsaure,,0.8234,0.4347,NOISE,0.3136,0.3245,0.3508,0.4347,0.3887,1,1,1
107.png,Pantothensaure,Pantothensaure,,0.8821,0.4059,NOISE,0.288,0.2897,0.3306,0.4059,0.4762,1,1,1
107.png,Die,Die,,0.5482,0.5343,NOISE,0.3568,0.3285,0.3918,0.5343,0.0139,0,0,0
108.jpeg,Zusammensetzung,Zusammensetzung,,0.5688,0.6885,NOISE,0.4767,0.4324,0.515,0.6885,-0.1197,0,0,0
108.jpeg,Magnesium,Magnesium,,1.0,0.4981,NOISE,0.4334,0.4176,0.4175,0.4981,0.5019,1,1,1
108.jpeg,Vitamin B1,Vitamin B1 1.1 mg,,0.7424,0.4954,CONTEXT,0.4517,0.4912,0.4954,0.4434,0.247,1,1,1
108.jpeg,Vitamin B2,Vitamin B2,,0.8332,0.426,CONTEXT,0.3681,0.3383,0.426,0.4208,0.4072,1,1,1
108.jpeg,Vitamin B6,Vitamin B6,,0.7778,0.4388,NOISE,0.3904,0.3542,0.4357,0.4388,0.3391,1,1,1
108.jpeg,Vitamin B12,Vitamin B12,,1.0,0.4571,CONTEXT,0.442,0.3365,0.4571,0.4465,0.5429,1,1,1
108.jpeg,VitaminC,VitaminC,,0.9158,0.4691,NOISE,0.3767,0.3424,0.4325,0.4691,0.4467,1,1,1
108.jpeg,VitaminE (a-TE),VitaminE (a-TE),,0.6666,0.4482,CONTEXT,0.371,0.3701,0.4482,0.3982,0.2184,1,1,0
108.jpeg,Biotin,Biotin,,1.0,0.4408,NOISE,0.3295,0.3053,0.4066,0.4408,0.5592,1,1,1
108.jpeg,Folsaure,Folsaure,,0.8234,0.4347,NOISE,0.3136,0.3245,0.3508,0.4347,0.3887,1,1,1
108.jpeg,Pantothensaure,Pantothensaure,,0.8821,0.4059,NOISE,0.288,0.2897,0.3306,0.4059,0.4762,1,1,1
108.jpeg,14Porti,14Porti,,0.5022,0.4132,NOISE,0.316,0.2829,0.3397,0.4132,0.089,0,0,0
109.jpeg,Durchschnittliche Nahrwerte,Durchschnittliche Nahrwerte,,0.531,0.6107,NOISE,0.5433,0.4508,0.4685,0.6107,-0.0798,0,0,0
109.jpeg,Brennwert,Brennwert 420 kJ 99 kcal,,0.7216,0.5083,UNIT,0.3996,0.5083,0.439,0.4867,0.2133,1,1,1
109.jpeg,Fett,Fett 0 g,,0.7772,0.4679,NOISE,0.439,0.4128,0.4667,0.4679,0.3093,1,1,1
109.jpeg,davon gesattigte,davon gesattigte,,0.6232,0.5413,NOISE,0.3944,0.3746,0.4401,0.5413,0.0819,1,0,1
109.jpeg,Fettsauren,Fettsauren,,0.7128,0.3722,NOISE,0.2676,0.2577,0.2939,0.3722,0.3406,1,1,1
109.jpeg,Kohlenhydrate,Kohlenhydrate 12.0 g,,0.7306,0.4983,QUANTITY,0.4983,0.4928,0.4586,0.471,0.2324,1,1,1
109.jpeg,-davon Zucker,-davon Zucker 9.8 g,,0.6783,0.5124,QUANTITY,0.5124,0.4468,0.4693,0.494,0.166,1,1,0
109.jpeg,Ballaststoffe,Ballaststoffe 1.5 g,,0.7268,0.4739,NOISE,0.4209,0.4502,0.4453,0.4739,0.2529,1,1,1
109.jpeg,Eiweiss,Eiweiss,,0.7913,0.4257,NOISE,0.3271,0.3257,0.3505,0.4257,0.3656,1,1,1
109.jpeg,Salz,Salz,,1.0,0.4679,NOISE,0.3417,0.3201,0.3459,0.4679,0.5321,1,1,1
110.jpeg,Zusammensetzung,Zusammensetzung,,0.5688,0.6885,NOISE,0.4767,0.4324,0.515,0.6885,-0.1197,0,0,0
110.jpeg,Melissen Extrakt,Melissen Extrakt 15 mg *+ 30 mg **,,0.52,0.4912,CONTEXT,0.4577,0.4506,0.4912,0.484,0.0288,1,0,0
110.jpeg,*+,Melissen Extrakt 15 mg *+ 30 mg **,,0.52,0.4912,CONTEXT,0.4577,0.4506,0.4912,0.484,0.0288,0,0,0
110.jpeg,**,Melissen Extrakt 15 mg *+ 30 mg **,,0.52,0.4912,CONTEXT,0.4577,0.4506,0.4912,0.484,0.0288,0,0,0
110.jpeg,Niacin,Niacin 8.0 mg NE 50% 16 mg NE 100%,,0.675,0.5294,NOISE,0.5073,0.4476,0.5288,0.5294,0.1455,1,1,1
110.jpeg,Pantothensaure,Pantothensaure 3.0 mg 50% 6.0 mg 100%,,0.6301,0.5144,CONTEXT,0.4523,0.435,0.5144,0.454,0.1157,1,1,1
111.jpeg,Vitamine,Vitamine,,0.7405,0.5147,NOISE,0.3838,0.3377,0.4433,0.5147,0.2258,1,1,1
111.jpeg,Vitamin B12,Vitamin B12 17.5 g 700%,,0.7375,0.4974,NOISE,0.4595,0.4162,0.4846,0.4974,0.2401,1,1,1
112.jpeg,Vitamine,Vitamine,,0.7405,0.5147,NOISE,0.3838,0.3377,0.4433,0.5147,0.2258,1,1,1
112.jpeg,VitaminB12,VitaminB12 17.5 g 700%,,0.7443,0.5008,NOISE,0.4661,0.4185,0.4889,0.5008,0.2436,1,1,1
113.jpeg,%RM,%RM P,,0.4869,0.6173,NOISE,0.43,0.3823,0.4664,0.6173,-0.1304,0,0,0
113.jpeg,DURCHSCHNITTLICHE,DURCHSCHNITTLICHE %RM PROPORTION PROPORTION,,0.4207,0.6021,NOISE,0.4478,0.3671,0.4594,0.6021,-0.1815,0,0,0
113.jpeg,%RM,DURCHSCHNITTLICHE %RM PROPORTION PROPORTION,,0.4207,0.6021,NOISE,0.4478,0.3671,0.4594,0.6021,-0.1815,0,0,0
113.jpeg,NAHRWERTE(BERECHNET):,"NAHRWERTE(BERECHNET): pro 100g pro 100g INWASSER"" INWASSER""",,0.517,0.5946,CONTEXT,0.4391,0.4694,0.5946,0.4961,-0.0776,0,0,0
113.jpeg,"INWASSER""","NAHRWERTE(BERECHNET): pro 100g pro 100g INWASSER"" INWASSER""",,0.517,0.5946,CONTEXT,0.4391,0.4694,0.5946,0.4961,-0.0776,0,0,0
113.jpeg,"INWASSER""","NAHRWERTE(BERECHNET): pro 100g pro 100g INWASSER"" INWASSER""",,0.517,0.5946,CONTEXT,0.4391,0.4694,0.5946,0.4961,-0.0776,0,0,0
113.jpeg,Energie,Energie,,1.0,0.5075,UNIT,0.4338,0.5075,0.4057,0.5014,0.4925,1,1,1
113.jpeg,FETT,FETT 4.5 g 6 1.3 g 2,,0.6871,0.4964,CONTEXT,0.4802,0.495,0.4964,0.4432,0.1907,1,1,1
113.jpeg,DAVONGESATTIGTE FETTSAUREN,DAVONGESATTIGTE FETTSAUREN 3.1 g 16 0.9 g 5,,0.6107,0.5176,CONTEXT,0.4608,0.4131,0.5176,0.417,0.0931,1,0,0
113.jpeg,Kohlenhydrate,Kohlenhydrate 17 g 3 2.3 g <1,,0.7029,0.5091,UNIT,0.4423,0.5091,0.4477,0.4464,0.1937,1,1,1
113.jpeg,DAVONZUCKER,DAVONZUCKER 3.9 g 4 1.2 g 1,,0.5518,0.507,CONTEXT,0.4712,0.4764,0.507,0.4713,0.0448,0,0,0
113.jpeg,Ballaststoffe,Ballaststoffe 1.9 g 0.6 g,,0.6731,0.5128,UNIT,0.441,0.5128,0.4409,0.4469,0.1602,1,1,1
113.jpeg,Eiweiss,Eiweiss 44,,0.6244,0.4085,NOISE,0.3119,0.2861,0.3483,0.4085,0.2158,1,1,1
113.jpeg,SALZ,SALZ 3,,0.6489,0.4767,NOISE,0.3218,0.3043,0.3638,0.4767,0.1721,1,1,1
113.jpeg,KOFFEIN,KOFFEIN,,0.8453,0.5033,NOISE,0.3544,0.3512,0.4668,0.5033,0.342,1,1,1
113.jpeg,UNDKALTZUGE,UNDKALTZUGE,,0.4494,0.4547,NOISE,0.3402,0.3376,0.3345,0.4547,-0.0053,0,0,0
114.jpeg,%RM',%RM',,0.4623,0.5716,NOISE,0.4261,0.4196,0.4584,0.5716,-0.1093,0,0,0
114.jpeg,%RM,DURCHSCHNITTLICHE %RM PROPORTION PROPORTION,,0.4207,0.6021,NOISE,0.4478,0.3671,0.4594,0.6021,-0.1815,0,0,0
114.jpeg,DURCHSCHNITTLICHE,DURCHSCHNITTLICHE %RM PROPORTION PROPORTION,,0.4207,0.6021,NOISE,0.4478,0.3671,0.4594,0.6021,-0.1815,0,0,0
114.jpeg,"INWASSER""","NAHRWERTE(BERECHNET): pro 100g pro 100g INWASSER"" INWASSER'",,0.5119,0.6001,CONTEXT,0.4412,0.4678,0.6001,0.4879,-0.0881,0,0,0
114.jpeg,NAHRWERTE(BERECHNET):,"NAHRWERTE(BERECHNET): pro 100g pro 100g INWASSER"" INWASSER'",,0.5119,0.6001,CONTEXT,0.4412,0.4678,0.6001,0.4879,-0.0881,0,0,0
114.jpeg,INWASSER',"NAHRWERTE(BERECHNET): pro 100g pro 100g INWASSER"" INWASSER'",,0.5119,0.6001,CONTEXT,0.4412,0.4678,0.6001,0.4879,-0.0881,0,0,0
114.jpeg,Energie,Energie,,1.0,0.5075,UNIT,0.4338,0.5075,0.4057,0.5014,0.4925,1,1,1
114.jpeg,FETT,FETT 4.8 g 1 148 2,,0.6625,0.4668,UNIT,0.4558,0.4668,0.4525,0.4344,0.1957,1,1,1
114.jpeg,DAVONGESATTIGTEFETTSAUREN,DAVONGESATTIGTEFETTSAUREN 3.3 g 17 1.0 g S,,0.5536,0.4813,CONTEXT,0.4561,0.3866,0.4813,0.3936,0.0722,0,0,0
114.jpeg,Kohlenhydrate,Kohlenhydrate 3 2.6 g 1,,0.7029,0.5199,UNIT,0.4389,0.5199,0.4678,0.4613,0.1831,1,1,1
114.jpeg,DAVONZUCKER,DAVONZUCKER 4.1 g 5 1.2 g,,0.5836,0.5002,CONTEXT,0.4837,0.4291,0.5002,0.4446,0.0834,0,0,0
114.jpeg,Ballaststoffe,Ballaststoffe 0.9 g,,0.6955,0.4457,CONTEXT,0.4247,0.4334,0.4457,0.4406,0.2498,1,1,1
114.jpeg,Eiweiss,Eiweiss 70.1 g 140 21.0 g 3,,0.6733,0.4733,UNIT,0.4171,0.4733,0.4557,0.4286,0.2,1,1,1
114.jpeg,SALZ,SALZ 6 0.17 g,,0.7763,0.4941,UNIT,0.4574,0.4941,0.4786,0.46,0.2823,1,1,1
114.jpeg,KOFFEIN,KOFFEIN 268 mg,,0.681,0.4885,CONTEXT,0.407,0.4244,0.4885,0.4206,0.1925,1,1,1
114.jpeg,PORTION:30g PULVERIN250ml WASSER,PORTION:30g PULVERIN250ml WASSER,,0.561,0.5133,CONTEXT,0.5023,0.4353,0.5133,0.4942,0.0476,0,0,0
114.jpeg,H SHAKEN.ALTERNATIV.30g,H SHAKEN.ALTERNATIV.30g,,0.5253,0.499,NOISE,0.454,0.4076,0.4587,0.499,0.0262,0,0,0
114.jpeg,AITZU,AITZU,,0.487,0.439,NOISE,0.2897,0.2831,0.3225,0.439,0.048,0,0,0
115.png,Durchschnittliche Nahrwerte,Durchschnittliche Nahrwerte,,0.531,0.6107,NOISE,0.5433,0.4508,0.4685,0.6107,-0.0798,0,0,0
115.png,Brennwert,Brennwert,,1.0,0.5087,NOISE,0.4297,0.3923,0.3954,0.5087,0.4913,1,1,1
115.png,Fett,Fett,,1.0,0.4296,NOISE,0.3095,0.3008,0.334,0.4296,0.5704,1,1,1
115.png,davon gesattigte,davon gesattigte,,0.6232,0.5413,NOISE,0.3944,0.3746,0.4401,0.5413,0.0819,1,0,1
115.png,Fettsauren,Fettsauren,,0.7128,0.3722,NOISE,0.2676,0.2577,0.2939,0.3722,0.3406,1,1,1
115.png,Kohlenhydrate,Kohlenhydrate,,1.0,0.5466,NOISE,0.4,0.4211,0.4208,0.5466,0.4534,1,1,1
115.png,- davon Zucker,- davon Zucker,,0.9165,0.5631,NOISE,0.4564,0.4118,0.4354,0.5631,0.3534,1,1,0
115.png,Ballaststoffe,Ballaststoffe,,1.0,0.5179,NOISE,0.4034,0.3928,0.397,0.5179,0.4821,1,1,1
115.png,Eiweiss,Eiweiss 0.05 g,,0.6892,0.437,NOISE,0.4083,0.4144,0.4338,0.437,0.2522,1,1,1
115.png,Salz,Salz,,1.0,0.4679,NOISE,0.3417,0.3201,0.3459,0.4679,0.5321,1,1,1
115.png,ALDI,ALDI,,0.4766,0.4986,NOISE,0.3769,0.3303,0.401,0.4986,-0.022,0,0,0
115.png,ALDI,ALDI,,0.4766,0.4986,NOISE,0.3769,0.3303,0.401,0.4986,-0.022,0,0,0
116.jpeg,RM*PRO,RM*PRO,,0.4335,0.4401,NOISE,0.3894,0.3618,0.4173,0.4401,-0.0067,0,0,0
116.jpeg,PRO,PRO PRO,,0.5372,0.4844,NOISE,0.3772,0.3372,0.4546,0.4844,0.0528,0,0,0
116.jpeg,PRO,PRO PRO,,0.5372,0.4844,NOISE,0.3772,0.3372,0.4546,0.4844,0.0528,0,0,0
116.jpeg,DURCHSCHNITTLICHE,DURCHSCHNITTLICHE PORTION**,,0.4418,0.5338,CONTEXT,0.4571,0.379,0.5338,0.4987,-0.092,0,0,0
116.jpeg,NAHRWERTE,NAHRWERTE 100g PORTION**,,0.5451,0.5444,CONTEXT,0.4947,0.429,0.5444,0.536,0.0007,0,0,0
116.jpeg,off,off,,0.5576,0.5141,NOISE,0.4422,0.4236,0.4616,0.5141,0.0435,0,0,0
116.jpeg,ENERGIE,ENERGIE kJ/kcal 1696 404 509 121,,0.6152,0.5709,UNIT,0.4126,0.5709,0.4223,0.4265,0.0443,1,0,1
116.jpeg,FETT:,FETT: 12.0 g 3.5 g 2%,,0.7143,0.4993,CONTEXT,0.476,0.478,0.4993,0.4738,0.215,1,1,1
116.jpeg,davon gesattigte,davon gesattigte 1.4 g 0.4 g,,0.6077,0.5038,CONTEXT,0.4748,0.4733,0.5038,0.4506,0.1039,1,1,1
116.jpeg,Fettsauren,Fettsauren,,0.7128,0.3722,NOISE,0.2676,0.2577,0.2939,0.3722,0.3406,1,1,1
116.jpeg,KOHLENHYDRATE:,KOHLENHYDRATE: 27.0 g 8.2 g,,0.655,0.5091,QUANTITY,0.5091,0.4966,0.4988,0.4452,0.146,1,1,1
116.jpeg,-DAVONZUCKER,-DAVONZUCKER 4.6 g 1.4 g,,0.5666,0.4944,CONTEXT,0.4558,0.4324,0.4944,0.4558,0.0722,0,0,0
116.jpeg,Ballaststoffe,Ballaststoffe 12.0 g 3.7 g 24%,,0.6489,0.4936,NOISE,0.4305,0.4599,0.4515,0.4936,0.1553,1,1,1
116.jpeg,Eiweiss,Eiweiss 41.0 g 12.0 g 10%,,0.6739,0.4766,QUANTITY,0.4766,0.4486,0.4471,0.4699,0.1973,1,1,1
116.jpeg,SALZ,SALZ 2.02 g 0.61 g,,0.7144,0.4847,UNIT,0.4399,0.4847,0.4451,0.4446,0.2298,1,1,1
117.jpeg,DURCHSCHNITTLICHENAURWERTE,DURCHSCHNITTLICHENAURWERTE PROPORTION,,0.4215,0.5368,NOISE,0.4694,0.3362,0.4538,0.5368,-0.1153,0,0,0
117.jpeg,ENERGIE,ENERGIE kJ/kcal,,0.7207,0.622,UNIT,0.5039,0.622,0.5208,0.5203,0.0987,1,0,1
117.jpeg,FETT,FETT 6.1,,0.5545,0.4674,NOISE,0.3658,0.3856,0.3761,0.4674,0.087,1,0,1
117.jpeg,Kohlenhydrate,Kohlenhydrate,,1.0,0.5466,NOISE,0.4,0.4211,0.4208,0.5466,0.4534,1,1,1
117.jpeg,-DAVONZUCKER,-DAVONZUCKER,,0.5919,0.4743,NOISE,0.3584,0.3134,0.405,0.4743,0.1176,0,1,0
117.jpeg,Ballaststoffe,Ballaststoffe,,1.0,0.5179,NOISE,0.4034,0.3928,0.397,0.5179,0.4821,1,1,1
117.jpeg,Eiweiss,Eiweiss,,0.7913,0.4257,NOISE,0.3271,0.3257,0.3505,0.4257,0.3656,1,1,1
117.jpeg,SALZ,SALZ 0.04 g,,0.8156,0.4869,NOISE,0.44,0.4616,0.4634,0.4869,0.3287,1,1,1
118.jpeg,UADZORLON,UADZORLON,,0.3713,0.3812,NOISE,0.2815,0.3042,0.3196,0.3812,-0.0099,0,0,0
118.jpeg,KNOCHEN BEI.,KNOCHEN BEI.,,0.5082,0.5314,NOISE,0.444,0.4195,0.4257,0.5314,-0.0231,0,0,0
118.jpeg,DURCHSCHNITTLICHENAHRWERTE,DURCHSCHNITTLICHENAHRWERTE,,0.4397,0.4495,QUANTITY,0.4495,0.3342,0.3994,0.4009,-0.0098,0,0,0
118.jpeg,ENERGIE,ENERGIE kJ/kcal 8.0 g 10 g,,0.6753,0.6343,UNIT,0.5244,0.6343,0.4941,0.4949,0.0409,1,0,1
118.jpeg,FETT:,FETT: 2.1 g 2.6 g,,0.6903,0.4926,UNIT,0.4802,0.4926,0.4851,0.4682,0.1977,1,1,1
118.jpeg,-DAVON GESATTIGTEFETTSAUREN,-DAVON GESATTIGTEFETTSAUREN 38 g 48 g,,0.586,0.4827,CONTEXT,0.4648,0.4227,0.4827,0.4185,0.1033,0,1,0
118.jpeg,KOHLENHYDRATE:,KOHLENHYDRATE: 3.2 g 4.0 g,,0.6915,0.505,UNIT,0.4854,0.505,0.4971,0.4611,0.1865,1,1,1
118.jpeg,-DAVONZUCKER,-DAVONZUCKER 17 g 21 g,,0.581,0.4702,CONTEXT,0.4688,0.3885,0.4702,0.467,0.1107,0,1,0
118.jpeg,-DAVONMEHRWERTIGEALKOHOLE,-DAVONMEHRWERTIGEALKOHOLE 2.4 g 3.0 g,,0.579,0.5099,QUANTITY,0.5099,0.4985,0.4992,0.443,0.0691,0,0,0
118.jpeg,Ballaststoffe,Ballaststoffe 19 g 24 g,,0.6675,0.449,UNIT,0.4383,0.449,0.4408,0.4213,0.2185,1,1,1
118.jpeg,Eiweiss,Eiweiss 0.56 g 0.70 g,,0.68,0.5119,UNIT,0.4605,0.5119,0.4662,0.4511,0.1681,1,1,1
118.jpeg,SALZ,SALZ WEITEREKENNZEICHNUNG,,0.5487,0.54,NOISE,0.4538,0.4401,0.4791,0.54,0.0087,1,0,1
118.jpeg,WEITEREKENNZEICHNUNG,SALZ WEITEREKENNZEICHNUNG,,0.5487,0.54,NOISE,0.4538,0.4401,0.4791,0.54,0.0087,0,0,0
118.jpeg,TLTEINEPORTION(8O),TLTEINEPORTION(8O) ZUTATENVERZEICHNIS,,0.4526,0.4301,CONTEXT,0.3958,0.386,0.4301,0.4209,0.0224,0,0,0
119.jpeg,KNOCHENBEI,KNOCHENBEI,,0.4498,0.4193,NOISE,0.3548,0.2608,0.3305,0.4193,0.0305,0,0,0
119.jpeg,DURCHSCHHITTLICHEHAHRWERTE,DURCHSCHHITTLICHEHAHRWERTE,,0.43,0.4232,NOISE,0.3766,0.3059,0.3454,0.4232,0.0068,0,0,0
119.jpeg,EHERGIEJ/kcal,EHERGIEJ/kcal 8.4 g 1 g,,0.6926,0.6174,UNIT,0.4647,0.6174,0.487,0.4844,0.0753,0,0,0
119.jpeg,FETT:,FETT: 24 g 3.0 g,,0.6801,0.4668,QUANTITY,0.4668,0.4595,0.4632,0.436,0.2133,1,1,1
119.jpeg,-DAVONGESATTIGTEFETTSAUREN,-DAVONGESATTIGTEFETTSAUREN 38 g 47 g,,0.5692,0.464,CONTEXT,0.4432,0.3772,0.464,0.4107,0.1053,0,1,0
119.jpeg,KOHLENHYDRATE:,KOHLENHYDRATE: 3.2 g 4.0 g,,0.6915,0.505,UNIT,0.4854,0.505,0.4971,0.4611,0.1865,1,1,1
119.jpeg,-DAVONZUCKER,-DAVONZUCKER 17 g 21 g,,0.581,0.4702,CONTEXT,0.4688,0.3885,0.4702,0.467,0.1107,0,1,0
119.jpeg,-DAVON MEHRWERTIGEALKOHOLE,-DAVON MEHRWERTIGEALKOHOLE 3.6 g 4.5 g,,0.5837,0.5222,CONTEXT,0.5106,0.4835,0.5222,0.4649,0.0615,0,0,0
119.jpeg,Ballaststoffe,Ballaststoffe 19 g 24 g,,0.6675,0.449,UNIT,0.4383,0.449,0.4408,0.4213,0.2185,1,1,1
119.jpeg,Eiweiss,Eiweiss 0.56 g 0.70 g,,0.68,0.5119,UNIT,0.4605,0.5119,0.4662,0.4511,0.1681,1,1,1
119.jpeg,SALZ,SALZ,,0.7284,0.48,NOISE,0.3408,0.3176,0.3876,0.48,0.2484,1,1,1
119.jpeg,LTEINEPORTION(80),LTEINEPORTION(80) ZLITATENVERZEICH ML,,0.5512,0.4748,CONTEXT,0.4428,0.435,0.4748,0.4454,0.0765,0,0,0
119.jpeg,ZLITATENVERZEICH,LTEINEPORTION(80) ZLITATENVERZEICH ML,,0.5512,0.4748,CONTEXT,0.4428,0.435,0.4748,0.4454,0.0765,0,0,0
120.jpeg,SUBSTANZ,SUBSTANZ,,0.5373,0.5701,NOISE,0.4556,0.3965,0.4597,0.5701,-0.0328,0,0,0
120.jpeg,INOSITOL,INOSITOL 100 mg,,0.7821,0.491,CONTEXT,0.4501,0.376,0.491,0.4477,0.2911,1,1,1
120.jpeg,ALPHA-LIPONSAURE,ALPHA-LIPONSAURE 42 mg,,0.4966,0.4593,CONTEXT,0.4038,0.3551,0.4593,0.3905,0.0374,1,0,1
120.jpeg,choline,choline 20 mg,,0.7082,0.4519,CONTEXT,0.424,0.3728,0.4519,0.42,0.2562,1,1,1
120.jpeg,RUTIN,"R, RUTIN 20 mg",,0.5376,0.5121,CONTEXT,0.4438,0.4012,0.5121,0.468,0.0255,1,0,1
120.jpeg,LACTOBACILLUS,LACTOBACILLUS 3.6x10 KBE,,0.4937,0.4368,NOISE,0.4088,0.3439,0.3756,0.4368,0.0569,1,0,1
120.jpeg,ACIDOPHILUS,ACIDOPHILUS,,0.4385,0.4217,NOISE,0.2849,0.254,0.3075,0.4217,0.0168,1,0,1
120.jpeg,BIFIDOBACTERIUMBIFIDUM,BIFIDOBACTERIUMBIFIDUM 3.6x10 KBE,,0.5396,0.4128,QUANTITY,0.4128,0.368,0.3913,0.3994,0.1267,1,1,1
120.jpeg,ZUSAMMENSETZUNG,ZUSAMMENSETZUNG pro 10g %NRVPRO10G,,0.6096,0.6398,NOISE,0.5283,0.4291,0.491,0.6398,-0.0302,0,0,0
120.jpeg,VITAMINC,VITAMINC 250 mg 313,,0.6241,0.433,CONTEXT,0.394,0.3788,0.433,0.3944,0.1911,1,1,1
120.jpeg,HI,HI Niacin 16 mg 100,,0.6405,0.4691,CONTEXT,0.4474,0.4113,0.4691,0.4134,0.1714,0,1,0
120.jpeg,Niacin,HI Niacin 16 mg 100,,0.6405,0.4691,CONTEXT,0.4474,0.4113,0.4691,0.4134,0.1714,1,1,1
120.jpeg,VITAMINE,Cl- VITAMINE 30 mg 250,,0.6496,0.4389,CONTEXT,0.3992,0.4263,0.4389,0.4113,0.2107,1,1,1
120.jpeg,Pantothensaure,Pantothensaure 5 mg 83,,0.6598,0.4558,CONTEXT,0.4031,0.3489,0.4558,0.4222,0.204,1,1,1
120.jpeg,VITAMINB6,VITAMINB6 0.9 mg,,0.6314,0.4779,CONTEXT,0.4512,0.4361,0.4779,0.4438,0.1535,1,1,1
120.jpeg,VITAMINB2,VITAMINB2 1 mg,,0.7146,0.4658,CONTEXT,0.4202,0.4247,0.4658,0.4293,0.2487,1,1,1
120.jpeg,VITAMINB1,S VITAMINB1 1 mg 100,,0.6202,0.5178,CONTEXT,0.4158,0.4104,0.5178,0.4126,0.1024,1,1,1
120.jpeg,Folsaure,Folsaure 200 g 80,,0.6679,0.4458,CONTEXT,0.4236,0.3886,0.4458,0.4216,0.2221,1,1,1
120.jpeg,Biotin,Biotin 40 g 164,,0.6936,0.4265,CONTEXT,0.3731,0.4013,0.4265,0.4261,0.2671,1,1,1
120.jpeg,VITAMINB12,VITAMINB12 4.1 g 104,,0.7525,0.4819,CONTEXT,0.4735,0.4276,0.4819,0.4182,0.2706,1,1,1
120.jpeg,VITAMIND3,VITAMIND3 5.2 g 81,,0.6473,0.4614,CONTEXT,0.4163,0.387,0.4614,0.4271,0.1858,1,1,1
120.jpeg,VITAMINK,VITAMINK 60.4 g 15,,0.6348,0.4671,CONTEXT,0.4568,0.4239,0.4671,0.4314,0.1677,1,1,1
120.jpeg,Calcium,Calcium 121 mg 65,,0.6736,0.492,UNIT,0.4587,0.492,0.4784,0.4657,0.1816,1,1,1
120.jpeg,ZINK,ON ZINK,,0.7061,0.5417,NOISE,0.4133,0.377,0.442,0.5417,0.1643,1,1,1
120.jpeg,ON,ON ZINK,,0.7061,0.5417,NOISE,0.4133,0.377,0.442,0.5417,0.1643,0,1,0
120.jpeg,Jod,Jod,,1.0,0.3925,NOISE,0.2852,0.297,0.3125,0.3925,0.6075,1,1,1
120.jpeg,SELEN,SELEN 1 mg 20,,0.6573,0.4365,QUANTITY,0.4365,0.3895,0.4323,0.399,0.2209,1,1,1
120.jpeg,KUPFER,V KUPFER 0.4 mg 63,,0.5396,0.4127,UNIT,0.3979,0.4127,0.409,0.3965,0.1268,1,1,1
120.jpeg,MANGAN,MANGAN 25 g 90,,0.6005,0.4827,UNIT,0.4527,0.4827,0.4484,0.481,0.1179,1,1,1
120.jpeg,CHROM,CHROM,,0.7367,0.452,NOISE,0.4193,0.3741,0.3738,0.452,0.2847,1,1,1
120.jpeg,MOLYBDAN,MOLYBDAN,,0.7505,0.3644,NOISE,0.2973,0.277,0.3376,0.3644,0.3862,1,1,1
121.jpeg,EIWEIBRIEGELMITKOKOS-MANDEL-GESCHMACKUNDKOKOSRASPELN,EIWEIBRIEGELMITKOKOS-MANDEL-GESCHMACKUNDKOKOSRASPELN,,0.4182,0.42,NOISE,0.3256,0.3139,0.3763,0.42,-0.0018,0,0,0
121.jpeg,"UBERZOGENMITYOLLMILCHSCHOKOLADE(17%),MITSUBUNGSMITTELN","UBERZOGENMITYOLLMILCHSCHOKOLADE(17%),MITSUBUNGSMITTELN",,0.4709,0.4251,NOISE,0.367,0.3724,0.3991,0.4251,0.0458,0,0,0
121.jpeg,DURCHSCHNITTLICHENAHRWERTE,DURCHSCHNITTLICHENAHRWERTE PROPORTION(45g) pro 100g,,0.6,0.5243,CONTEXT,0.4875,0.411,0.5243,0.5058,0.0757,0,0,0
121.jpeg,ENERGIE,ENERGIE KJ/KCAL 631 151 1.401/336,,0.6082,0.569,UNIT,0.4457,0.569,0.4339,0.4556,0.0393,1,0,1
121.jpeg,1.401/336,ENERGIE KJ/KCAL 631 151 1.401/336,,0.6082,0.569,UNIT,0.4457,0.569,0.4339,0.4556,0.0393,0,0,0
121.jpeg,FETT:,FETT: 5.2 g 12 g,,0.7877,0.5157,QUANTITY,0.5157,0.4758,0.4855,0.439,0.272,1,1,1
121.jpeg,-DAVONGESATTIGTEFETTSAUREN,-DAVONGESATTIGTEFETTSAUREN 2.9 g 6.5 g,,0.6022,0.5061,CONTEXT,0.4501,0.4272,0.5061,0.4303,0.096,0,0,0
121.jpeg,KOHLENHYDRATE:,KOHLENHYDRATE: 9.1 g 20 g,,0.6263,0.5131,QUANTITY,0.5131,0.4918,0.5087,0.4748,0.1133,1,1,1
121.jpeg,-DAVONZUCKER,-DAVONZUCKER 2.2 g 49 g,,0.574,0.4572,NOISE,0.4336,0.4037,0.4504,0.4572,0.1167,0,1,0
121.jpeg,-DAVONMEHRWERTIGEALKOHOLE,-DAVONMEHRWERTIGEALKOHOLE 6.7 g 15 g,,0.6045,0.5302,QUANTITY,0.5302,0.4684,0.5147,0.446,0.0743,0,0,0
121.jpeg,Ballaststoffe,Ballaststoffe 79 g 18 g,,0.6422,0.4808,UNIT,0.461,0.4808,0.466,0.4408,0.1615,1,1,1
121.jpeg,Eiweiss,Eiweiss 16 g 35 g,,0.6495,0.4508,UNIT,0.4259,0.4508,0.4405,0.4388,0.1987,1,1,1
121.jpeg,SALZ,SALZ 0.09 g 0.20 g,,0.7759,0.4914,UNIT,0.4843,0.4914,0.4621,0.4804,0.2845,1,1,1
121.jpeg,MIND.30%WENIGERKOHLENHYDRATEALSHERKOMMLICHE,MIND.30%WENIGERKOHLENHYDRATEALSHERKOMMLICHE,,0.5254,0.4528,NOISE,0.3975,0.3968,0.4218,0.4528,0.0726,0,0,0
201.jpeg,Supplement Facts,Supplement Facts,,0.6188,0.5631,NOISE,0.4502,0.4084,0.5455,0.5631,0.0557,0,0,0
201.jpeg,Per/Per/Pro/Pour/,Per/Per/Pro/Pour/ Per/Per/Pro/Pour/,,0.4943,0.6143,CONTEXT,0.4852,0.5108,0.6143,0.4666,-0.12,0,0,0
201.jpeg,Per/Per/Pro/Pour/,Per/Per/Pro/Pour/ Per/Per/Pro/Pour/,,0.4943,0.6143,CONTEXT,0.4852,0.5108,0.6143,0.4666,-0.12,0,0,0
201.jpeg,W/Na/Per/Na/Por/,W/Na/Per/Na/Por/ W/Na/Per/Na/Por,,0.485,0.4873,CONTEXT,0.4266,0.428,0.4873,0.4481,-0.0023,0,0,0
201.jpeg,W/Na/Per/Na/Por,W/Na/Per/Na/Por/ W/Na/Per/Na/Por,,0.485,0.4873,CONTEXT,0.4266,0.428,0.4873,0.4481,-0.0023,0,0,0
201.jpeg,nutricional/,nutricional/ Por 100g Por 30gO,,0.5959,0.5951,CONTEXT,0.5004,0.4762,0.5951,0.5356,0.0008,0,0,0
201.jpeg,Energie/ Energy/Energie/Energie/Wartosc energetyczna/Energeticka,Energie/ Energy/Energie/Energie/Wartosc energetyczna/Energeticka,,0.6474,0.5418,UNIT,0.494,0.5418,0.4371,0.4761,0.1056,1,1,0
201.jpeg,hodnota/Energia/Energia/Valor energetico/Energia,hodnota/Energia/Energia/Valor energetico/Energia 1642 kJ 392 kcal 493 kJ 118 kcal,,0.7133,0.5783,UNIT,0.4902,0.5783,0.458,0.4468,0.135,1,1,0
201.jpeg,cuales saturadas/ dos quais saturados,cuales saturadas/ dos quais saturados,,0.7673,0.459,CONTEXT,0.4477,0.4136,0.459,0.4306,0.3083,1,1,0
201.jpeg,cukry/di cui zuccheri/z toho cukry/de los cuales azucares/dos quais acucares,cukry/di cui zuccheri/z toho cukry/de los cuales azucares/dos quais acucares,,0.5453,0.4874,QUANTITY,0.4874,0.4277,0.437,0.465,0.0579,1,0,0
201.jpeg,Eiwitten/Protein/Eiweib/Protéines/Biatko/Bilkoviny/Proteine/Bielkoviny/,Eiwitten/Protein/Eiweib/Protéines/Biatko/Bilkoviny/Proteine/Bielkoviny/,,0.5844,0.4827,NOISE,0.4382,0.4181,0.4665,0.4827,0.1017,1,1,0
201.jpeg,Proteinas/Proteinas,Proteinas/Proteinas 77 g 23 g,,0.6204,0.4914,UNIT,0.4601,0.4914,0.4842,0.4549,0.129,1,1,0
201.jpeg,Zout/Salt/Salz/Sel/Sol/Sul/Sale/Sol/Sal/Sal,Zout/Salt/Salz/Sel/Sol/Sul/Sale/Sol/Sal/Sal 0.05 g 0.02 g,,0.6846,0.5077,UNIT,0.4624,0.5077,0.4704,0.4999,0.1769,1,1,0
45_1.png,NUTRITIONALINFORMATION,NUTRITIONALINFORMATION,,0.5657,0.6015,CONTEXT,0.452,0.4034,0.6015,0.5364,-0.0357,0,0,0
45_1.png,AUS,AUS,,0.4771,0.5879,NOISE,0.359,0.3257,0.3886,0.5879,-0.1108,0,0,0
45_1.png,1 SERV.47g MAKES 500ml,1 SERV.47g MAKES 500ml,,0.547,0.5113,CONTEXT,0.416,0.4216,0.5113,0.4412,0.0357,0,0,0
45_1.png,YPICALVALUES:,YPICALVALUES: PER SERVE.47g 100g,,0.5416,0.5762,CONTEXT,0.4788,0.4709,0.5762,0.469,-0.0346,0,0,0
45_1.png,ENERGYKJ/KCAL,ENERGYKJ/KCAL 736 176 1567 374,,0.5337,0.5156,UNIT,0.4142,0.5156,0.4454,0.4833,0.0181,1,0,0
45_1.png,PROTEIN (g),PROTEIN (g),,0.6554,0.4934,NOISE,0.4063,0.4732,0.4433,0.4934,0.1621,1,1,1
45_1.png,FAT(g),FAT(g),,0.6416,0.444,UNIT,0.4424,0.444,0.4239,0.4403,0.1976,1,1,0
45_1.png,SATURATED FAT(g),SATURATED FAT(g),,0.6455,0.4504,CONTEXT,0.4238,0.421,0.4504,0.4432,0.1952,1,1,0
45_1.png,carbohydrate,carbohydrate,,0.9482,0.5852,NOISE,0.4791,0.4866,0.482,0.5852,0.363,1,1,1
45_1.png,-SUGARS(g),-SUGARS(g),,0.7039,0.4977,NOISE,0.4227,0.4558,0.4556,0.4977,0.2063,1,1,1
45_1.png,dietary fibre,dietary fibre,,0.7529,0.5579,CONTEXT,0.4548,0.4078,0.5579,0.5269,0.195,1,1,0
45_1.png,SODIUM(mg),SODIUM(mg),,0.6018,0.5083,UNIT,0.4444,0.5083,0.4739,0.3862,0.0935,1,0,1
45_2.png,UK/AUS,UK/AUS,,0.4696,0.4866,NOISE,0.415,0.4172,0.4465,0.4866,-0.017,0,0,0
45_2.png,NUTRITIONAL INFO,IELLE NUTRITIONAL INFO,,0.544,0.5079,CONTEXT,0.3906,0.4237,0.5079,0.5029,0.0361,0,0,0
45_2.png,IELLE,IELLE NUTRITIONAL INFO,,0.544,0.5079,CONTEXT,0.3906,0.4237,0.5079,0.5029,0.0361,0,0,0
45_2.png,ENERGY,ENERGY 1567 374 kJ kcal,,0.6532,0.5449,UNIT,0.4284,0.5449,0.4433,0.4585,0.1083,1,1,1
45_2.png,FAT,FAT 0 g,,0.6831,0.4747,QUANTITY,0.4747,0.4203,0.4437,0.44,0.2084,1,1,1
45_2.png,OFWHICH,OFWHICH,,0.4058,0.3974,NOISE,0.3021,0.2733,0.3087,0.3974,0.0084,0,0,0
45_2.png,SATURATES,SATURATES,,0.6613,0.5121,NOISE,0.3845,0.3499,0.3921,0.5121,0.1492,1,1,1
45_2.png,CARBOHYDRATE,CARBOHYDRATE 94 g,,0.722,0.4977,CONTEXT,0.4817,0.4757,0.4977,0.4943,0.2243,1,1,1
45_2.png,OFWHICH SUGARS,OFWHICH SUGARS,,0.5703,0.4423,NOISE,0.3194,0.2832,0.366,0.4423,0.1281,1,1,0
45_2.png,PROTEIN,PROTEIN,,0.8345,0.5791,NOISE,0.4278,0.4045,0.5042,0.5791,0.2554,1,1,1
45_2.png,SALT,SALT 1.3 g,,0.7908,0.5203,NOISE,0.4799,0.4803,0.501,0.5203,0.2705,1,1,1
