tag,image_id,gt_nutrient,gt_quantity,gt_unit,gt_context,pred_nutrient,pred_quantity,pred_unit,pred_context,reason
missing,1.png,Magnesiumsalze der Citronensäure,420,mg,per_daily_dose,,,,,nutrient not found in predictions
incorrect,101.png,Thiamin,0.44,mg,per_100g,Thiamin,6.3,g,per_100g,qty: got 6.3 expected 0.44 | unit: got g expected mg
incorrect,102.png,- davon Zucker,3.9,g,per_serving (1 Riegel* (12.5 g)),-davon Zucker,3.9,g,per_daily_dose,context: got per_daily_dose expected per_serving (1 Riegel* (12.5 g))
incorrect,102.png,Ballaststoffe,0.6,g,per_serving (1 Riegel* (12.5 g)),Ballaststoffe,0.6,g,per_daily_dose,context: got per_daily_dose expected per_serving (1 Riegel* (12.5 g))
incorrect,102.png,Kohlenhydrate,7.9,g,per_serving (1 Riegel* (12.5 g)),Kohlenhydrate,31,g,per_100g,qty: got 31 expected 7.9 | context: got per_100g expected per_serving (1 Riegel* (12.5 g))
incorrect,102.png,Eiweiß,0.7,g,per_serving (1 Riegel* (12.5 g)),Eiweiss,0.14,g,per_100g,qty: got 0.14 expected 0.7 | context: got per_100g expected per_serving (1 Riegel* (12.5 g))
incorrect,102.png,Energie,188,kJ,per_serving (1 Riegel* (12.5 g)),Energie,1.0,g,per_daily_dose,qty: got 1.0 expected 188 | unit: got g expected kJ | context: got per_daily_dose expected per_serving (1 Riegel* (12.5 g))
incorrect,102.png,- davon gesättigte Fettsäuren,1.1,g,per_100g,davon gesattigte,1.1,g,per_100g,nutrient: no match
incorrect,102.png,- davon gesättigte Fettsäuren,0.1,g,per_serving (1 Riegel* (12.5 g)),davon gesattigte,0.1,g,per_daily_dose,nutrient: no match | context: got per_daily_dose expected per_serving (1 Riegel* (12.5 g))
incorrect,102.png,Fett,1.0,g,per_serving (1 Riegel* (12.5 g)),Fettsauren,1.1,g,per_100g,nutrient: no match | qty: got 1.1 expected 1.0 | context: got per_100g expected per_serving (1 Riegel* (12.5 g))
missing,102.png,Energie,45,kcal,per_serving (1 Riegel* (12.5 g)),,,,,nutrient not found in predictions
missing,102.png,Salz,0.02,g,per_serving (1 Riegel* (12.5 g)),,,,,nutrient not found in predictions
incorrect,103.jpeg,Fett,0.4,g,per_serving (pro Port. (12g)),Fett,0.4,g,per_100g,context: got per_100g expected per_serving (pro Port. (12g))
incorrect,103.jpeg,Fett,3.7,g,per_100g,Fett,3.7,kcal,per_100g,unit: got kcal expected g
incorrect,103.jpeg,Salz,0,g,per_100g,Salz,7.7,g,per_100g,qty: got 7.7 expected 0
incorrect,103.jpeg,Eiweiß,0.9,g,per_serving (pro Port. (12g)),Eiweiss,1.9,g,per_serving,qty: got 1.9 expected 0.9
incorrect,103.jpeg,Salz,0,g,per_serving (pro Port. (12g)),Salz,66.0,g,per_serving,qty: got 66.0 expected 0
incorrect,103.jpeg,davon gesättigte Fettsäuren,0,g,per_serving (pro Port. (12g)),davon gesattigte Fettsauren,3.7,kcal,per_100g,qty: got 3.7 expected 0 | unit: got kcal expected g | context: got per_100g expected per_serving (pro Port. (12g))
missing,103.jpeg,Energie,1383,kJ,per_100g,,,,,nutrient not found in predictions
missing,103.jpeg,Energie,328,kcal,per_100g,,,,,nutrient not found in predictions
missing,103.jpeg,Energie,166,kJ,per_serving (pro Port. (12g)),,,,,nutrient not found in predictions
missing,103.jpeg,Energie,39,kcal,per_serving (pro Port. (12g)),,,,,nutrient not found in predictions
incorrect,104.jpeg,davon gesättigte Fettsäuren,0,g,per_serving (pro Port. (14g)),davon gesattigte Fettsauren,2.6,g,per_100g,qty: got 2.6 expected 0 | context: got per_100g expected per_serving (pro Port. (14g))
incorrect,104.jpeg,Fett,0,g,per_serving (pro Port. (14g)),Fett,361,kcal,per_100g,qty: got 361 expected 0 | unit: got kcal expected g | context: got per_100g expected per_serving (pro Port. (14g))
missing,104.jpeg,Energie,1528,kJ,per_100g,,,,,nutrient not found in predictions
missing,104.jpeg,Energie,361,kcal,per_100g,,,,,nutrient not found in predictions
missing,104.jpeg,Eiweiß,3.2,g,per_100g,,,,,nutrient not found in predictions
missing,104.jpeg,Energie,214,kJ,per_serving (pro Port. (14g)),,,,,nutrient not found in predictions
missing,104.jpeg,Energie,51,kcal,per_serving (pro Port. (14g)),,,,,nutrient not found in predictions
missing,104.jpeg,Eiweiß,0,g,per_serving (pro Port. (14g)),,,,,nutrient not found in predictions
incorrect,105.png,Energie,158,kJ,per_serving (1 Portion* (12 g)),Energie,158,kj,per_100g,context: got per_100g expected per_serving (1 Portion* (12 g))
incorrect,105.png,Energie,38,kcal,per_serving (1 Portion* (12 g)),Energie,38,kcal,per_100g,context: got per_100g expected per_serving (1 Portion* (12 g))
incorrect,105.png,Fett,0.3,g,per_serving (1 Portion* (12 g)),Fett,0.3,g,per_100g,context: got per_100g expected per_serving (1 Portion* (12 g))
incorrect,105.png,Kohlenhydrate,52.1,g,per_100g,Kohlenhydrate,6.2,g,per_100g,qty: got 6.2 expected 52.1
incorrect,105.png,- davon Zucker,6.2,g,per_serving (1 Portion* (12 g)),-davon Zucker,1.9,g,per_100g,qty: got 1.9 expected 6.2 | context: got per_100g expected per_serving (1 Portion* (12 g))
incorrect,105.png,Ballaststoffe,1.9,g,per_serving (1 Portion* (12 g)),Ballaststoffe,0.8,g,per_100g,qty: got 0.8 expected 1.9 | context: got per_100g expected per_serving (1 Portion* (12 g))
incorrect,105.png,Eiweiß,0.8,g,per_serving (1 Portion* (12 g)),Eiweiss,0.00,g,per_100g,qty: got 0.00 expected 0.8 | context: got per_100g expected per_serving (1 Portion* (12 g))
incorrect,105.png,- davon gesättigte Fettsäuren,0.4,g,per_100g,Fettsauren,0.4,g,per_100g,nutrient: no match
incorrect,105.png,- davon gesättigte Fettsäuren,0.0,g,per_serving (1 Portion* (12 g)),davon gesattigte,0.0,g,per_100g,nutrient: no match | context: got per_100g expected per_serving (1 Portion* (12 g))
missing,105.png,Energie,313,kcal,per_100g,,,,,nutrient not found in predictions
missing,105.png,Kohlenhydrate,6.3,g,per_serving (1 Portion* (12 g)),,,,,nutrient not found in predictions
missing,105.png,Salz,0.00,g,per_serving (1 Portion* (12 g)),,,,,nutrient not found in predictions
incorrect,106.png,Magnesium / Magnésium / Magnesio / Magnézium / Magnezij,250,mg,per_serving (Pro Stick),Magnesio/Magnezium,250,mg,,nutrient: no match | context: got None expected per_serving (Pro Stick)
incorrect,106.png,Vitamin E / Vitamine E / Vitamina E / E-vitamin / Vitamin E,12,mg α-TE,per_serving (Pro Stick),VitaminE,12,mg a-te,,nutrient: no match | unit: got mg a-te expected mg α-TE | context: got None expected per_serving (Pro Stick)
incorrect,107.png,Vitamin E,12,mg α-TE,per_daily_dose (1 Tablette (4.3 g)*),Vitamin E,12,mg a-te,per_daily_dose,unit: got mg a-te expected mg α-TE
incorrect,107.png,Biotin,50,µg,per_daily_dose (1 Tablette (4.3 g)*),Biotin,50,g,per_daily_dose,unit: got g expected µg
incorrect,107.png,Folsäure,200,µg,per_daily_dose (1 Tablette (4.3 g)*),Folsaure,200,g,per_daily_dose,unit: got g expected µg
incorrect,107.png,Vitamin B12,2.5,µg,per_daily_dose (1 Tablette (4.3 g)*),Vitamin B12,80,mg,per_daily_dose,qty: got 80 expected 2.5 | unit: got mg expected µg
incorrect,107.png,Pantothensäure,6,mg,per_daily_dose (1 Tablette (4.3 g)*),Pantothensaure,,,per_daily_dose,qty: got None expected 6 | unit: got None expected mg
missing,107.png,Vitamin C,80,mg,per_daily_dose (1 Tablette (4.3 g)*),,,,,nutrient not found in predictions
incorrect,108.jpeg,Folsäure,200,µg,per_daily_dose (1 Tablette (5.6 g)*),Folsaure,200,g,per_daily_dose,unit: got g expected µg
incorrect,108.jpeg,Vitamin B12,2.5,µg,per_daily_dose (1 Tablette (5.6 g)*),Vitamin B12,80,mg,per_daily_dose,qty: got 80 expected 2.5 | unit: got mg expected µg
incorrect,108.jpeg,Biotin,50,µg,per_daily_dose (1 Tablette (5.6 g)*),Biotin,200,g,per_daily_dose,qty: got 200 expected 50 | unit: got g expected µg
missing,108.jpeg,Vitamin C,80,mg,per_daily_dose (1 Tablette (5.6 g)*),,,,,nutrient not found in predictions
missing,108.jpeg,Vitamin E (α-TE),12,mg,per_daily_dose (1 Tablette (5.6 g)*),,,,,nutrient not found in predictions
missing,108.jpeg,Niacin (NE),16,mg,per_daily_dose (1 Tablette (5.6 g)*),,,,,nutrient not found in predictions
incorrect,109.jpeg,- davon gesättigte Fettsäuren,0.2,g,per_100g,davon gesattigte,0.2,g,per_100g,nutrient: no match
missing,110.jpeg,Melissen Extrakt,15,mg,per_serving (pro Stick),,,,,nutrient not found in predictions
missing,110.jpeg,Melissen Extrakt,30,mg,per_daily_dose (pro 2 Sticks),,,,,nutrient not found in predictions
incorrect,111.jpeg,Vitamin B12,17.5,µg,per_daily_dose (1 Tagesdosis (8 ml)),Vitamin B12,17.5,g,1 tagesdosis (8 ml),unit: got g expected µg | context: got 1 tagesdosis (8 ml) expected per_daily_dose (1 Tagesdosis (8 ml))
missing,112.jpeg,Vitamin B12,17.5,µg,per_daily_dose (1 Tagesdosis (8 ml)),,,,,nutrient not found in predictions
incorrect,113.jpeg,FETT,4.5,g,per_100g,FETT,6,g,per_100g,qty: got 6 expected 4.5
incorrect,113.jpeg,KOHLENHYDRATE,7.7,g,per_100g,Kohlenhydrate,3,g,per_100g,qty: got 3 expected 7.7
incorrect,113.jpeg,EIWEIẞ,72.7,g,per_100g,Eiweiss,1.9,g,per_100g,qty: got 1.9 expected 72.7
incorrect,113.jpeg,SALZ,0.53,g,per_100g,SALZ,72.7,g,per_100g,qty: got 72.7 expected 0.53
incorrect,113.jpeg,SALZ,0.17,g,per_serving (30 g PULVER IN 250ml WASSER),SALZ,145,g,per_100g,qty: got 145 expected 0.17 | context: got per_100g expected per_serving (30 g PULVER IN 250ml WASSER)
incorrect,113.jpeg,ENERGIE kcal,369,kcal,per_100g,Energie,11,kcal,per_100g,nutrient: no match | qty: got 11 expected 369
incorrect,113.jpeg,DAVON GESÄTTIGTE FETTSÄUREN,3.1,g,per_100g,FETT,2,g,per_serving,nutrient: no match | qty: got 2 expected 3.1 | context: got per_serving expected per_100g
missing,113.jpeg,ENERGIE kJ,1546,kJ,per_100g,,,,,nutrient not found in predictions
missing,113.jpeg,DAVON ZUCKER,3.9,g,per_100g,,,,,nutrient not found in predictions
missing,113.jpeg,ENERGIE kJ,464,kJ,per_serving (30 g PULVER IN 250ml WASSER),,,,,nutrient not found in predictions
missing,113.jpeg,ENERGIE kcal,111,kcal,per_serving (30 g PULVER IN 250ml WASSER),,,,,nutrient not found in predictions
missing,113.jpeg,DAVON GESÄTTIGTE FETTSÄUREN,0.9,g,per_serving (30 g PULVER IN 250ml WASSER),,,,,nutrient not found in predictions
missing,113.jpeg,DAVON ZUCKER,1.2,g,per_serving (30 g PULVER IN 250ml WASSER),,,,,nutrient not found in predictions
incorrect,114.jpeg,FETT,1.4,g,per_serving (30 g PULVER IN 250ml WASSER),FETT,1,g,per_100g,qty: got 1 expected 1.4 | context: got per_100g expected per_serving (30 g PULVER IN 250ml WASSER)
incorrect,114.jpeg,EIWEIẞ,21.0,g,per_serving (30 g PULVER IN 250ml WASSER),Eiweiss,140,g,per_100g,qty: got 140 expected 21.0 | context: got per_100g expected per_serving (30 g PULVER IN 250ml WASSER)
incorrect,114.jpeg,DAVON GESÄTTIGTE FETTSÄUREN,3.3,g,per_100g,FETT,148,g,per_serving,nutrient: no match | qty: got 148 expected 3.3 | context: got per_serving expected per_100g
missing,114.jpeg,ENERGIE,368,kcal,per_100g,,,,,nutrient not found in predictions
missing,114.jpeg,DAVON ZUCKER,4.1,g,per_100g,,,,,nutrient not found in predictions
missing,114.jpeg,ENERGIE,111,kcal,per_serving (30 g PULVER IN 250ml WASSER),,,,,nutrient not found in predictions
missing,114.jpeg,DAVON GESÄTTIGTE FETTSÄUREN,1.0,g,per_serving (30 g PULVER IN 250ml WASSER),,,,,nutrient not found in predictions
missing,114.jpeg,DAVON ZUCKER,1.2,g,per_serving (30 g PULVER IN 250ml WASSER),,,,,nutrient not found in predictions
incorrect,115.png,Salz,0.05,g,per_100g,Salz,,,per_100g,qty: got None expected 0.05 | unit: got None expected g
incorrect,115.png,- davon gesättigte Fettsäuren,0.2,g,per_100g,davon gesattigte,0.2,g,per_100g,nutrient: no match
incorrect,116.jpeg,- DAVON GESÄTTIGTE FETTSÄUREN,1.4,g,per_100g,davon gesattigte,1.4,g,per_100g,nutrient: no match
incorrect,116.jpeg,- DAVON GESÄTTIGTE FETTSÄUREN,0.4,g,per_serving (PORTION**),davon gesattigte,0.4,g,per_serving,nutrient: no match
missing,116.jpeg,ENERGIE,1696,kJ,per_100g,,,,,nutrient not found in predictions
missing,116.jpeg,ENERGIE,404,kcal,per_100g,,,,,nutrient not found in predictions
missing,116.jpeg,- DAVON ZUCKER,4.6,g,per_100g,,,,,nutrient not found in predictions
missing,116.jpeg,ENERGIE,509,kJ,per_serving (PORTION**),,,,,nutrient not found in predictions
missing,116.jpeg,ENERGIE,121,kcal,per_serving (PORTION**),,,,,nutrient not found in predictions
missing,116.jpeg,- DAVON ZUCKER,1.4,g,per_serving (PORTION**),,,,,nutrient not found in predictions
incorrect,117.jpeg,ENERGIE,728,kJ,per_serving (45 g),ENERGIE,728,kj/kcal,per_serving,unit: got kj/kcal expected kJ
incorrect,117.jpeg,ENERGIE,173,kcal,per_serving (45 g),ENERGIE,173,kj/kcal,per_serving,unit: got kj/kcal expected kcal
incorrect,117.jpeg,FETT,6.1,g,per_serving (45 g),FETT,6.1,,per_serving,unit: got None expected g
incorrect,117.jpeg,KOHLENHYDRATE,16.7,g,per_serving (45 g),Kohlenhydrate,6.1,,per_serving,qty: got 6.1 expected 16.7 | unit: got None expected g
incorrect,117.jpeg,BALLASTSTOFFE,4.0,g,per_serving (45 g),Ballaststoffe,,,per_serving,qty: got None expected 4.0 | unit: got None expected g
incorrect,117.jpeg,EIWEIẞ,11.0,g,per_serving (45 g),Eiweiss,,,per_serving,qty: got None expected 11.0 | unit: got None expected g
missing,117.jpeg,- DAVON GESÄTTIGTE FETTSÄUREN,1.5,g,per_serving (45 g),,,,,nutrient not found in predictions
missing,117.jpeg,- DAVON ZUCKER,13.5,g,per_serving (45 g),,,,,nutrient not found in predictions
incorrect,118.jpeg,FETT:,10,g,per_100g,FETT:,2.1,g,per_serving,qty: got 2.1 expected 10 | context: got per_serving expected per_100g
incorrect,118.jpeg,KOHLENHYDRATE:,48,g,per_100g,KOHLENHYDRATE:,3.2,g,per_serving,qty: got 3.2 expected 48 | context: got per_serving expected per_100g
incorrect,118.jpeg,BALLASTSTOFFE,3.0,g,per_100g,Ballaststoffe,19,g,per_serving,qty: got 19 expected 3.0 | context: got per_serving expected per_100g
incorrect,118.jpeg,EIWEIẞ,24,g,per_100g,Eiweiss,0.56,g,per_serving,qty: got 0.56 expected 24 | context: got per_serving expected per_100g
incorrect,118.jpeg,FETT:,8.0,g,per_serving (80 g),FETT:,48,g,per_100g,qty: got 48 expected 8.0 | context: got per_100g expected per_serving (80 g)
incorrect,118.jpeg,KOHLENHYDRATE:,38,g,per_serving (80 g),KOHLENHYDRATE:,4.0,g,per_100g,qty: got 4.0 expected 38 | context: got per_100g expected per_serving (80 g)
incorrect,118.jpeg,BALLASTSTOFFE,2.4,g,per_serving (80 g),Ballaststoffe,24,g,per_100g,qty: got 24 expected 2.4 | context: got per_100g expected per_serving (80 g)
incorrect,118.jpeg,EIWEIẞ,19,g,per_serving (80 g),Eiweiss,0.70,g,per_100g,qty: got 0.70 expected 19 | context: got per_100g expected per_serving (80 g)
missing,118.jpeg,ENERGIE,1440,kJ,per_100g,,,,,nutrient not found in predictions
missing,118.jpeg,ENERGIE,344,kcal,per_100g,,,,,nutrient not found in predictions
missing,118.jpeg,- DAVON GESÄTTIGTE FETTSÄUREN,2.6,g,per_100g,,,,,nutrient not found in predictions
missing,118.jpeg,- DAVON ZUCKER,4.0,g,per_100g,,,,,nutrient not found in predictions
missing,118.jpeg,- DAVON MEHRWERTIGE ALKOHOLE,21,g,per_100g,,,,,nutrient not found in predictions
missing,118.jpeg,SALZ,0.70,g,per_100g,,,,,nutrient not found in predictions
missing,118.jpeg,ENERGIE,1152,kJ,per_serving (80 g),,,,,nutrient not found in predictions
missing,118.jpeg,ENERGIE,275,kcal,per_serving (80 g),,,,,nutrient not found in predictions
missing,118.jpeg,- DAVON GESÄTTIGTE FETTSÄUREN,2.1,g,per_serving (80 g),,,,,nutrient not found in predictions
missing,118.jpeg,- DAVON ZUCKER,3.2,g,per_serving (80 g),,,,,nutrient not found in predictions
missing,118.jpeg,- DAVON MEHRWERTIGE ALKOHOLE,17,g,per_serving (80 g),,,,,nutrient not found in predictions
missing,118.jpeg,SALZ,0.56,g,per_serving (80 g),,,,,nutrient not found in predictions
incorrect,119.jpeg,FETT:,11,g,per_100g,FETT:,24,g,per_serving,qty: got 24 expected 11 | context: got per_serving expected per_100g
incorrect,119.jpeg,KOHLENHYDRATE:,47,g,per_100g,KOHLENHYDRATE:,3.2,g,per_serving,qty: got 3.2 expected 47 | context: got per_serving expected per_100g
incorrect,119.jpeg,BALLASTSTOFFE,4.5,g,per_100g,Ballaststoffe,19,g,per_serving,qty: got 19 expected 4.5 | context: got per_serving expected per_100g
incorrect,119.jpeg,EIWEIẞ,24,g,per_100g,Eiweiss,0.56,g,per_serving,qty: got 0.56 expected 24 | context: got per_serving expected per_100g
incorrect,119.jpeg,SALZ,0.70,g,per_100g,SALZ,21,g,per_100g,qty: got 21 expected 0.70
incorrect,119.jpeg,FETT:,8.4,g,per_serving (80 g),FETT:,3.0,g,per_100g,qty: got 3.0 expected 8.4 | context: got per_100g expected per_serving (80 g)
incorrect,119.jpeg,KOHLENHYDRATE:,38,g,per_serving (80 g),KOHLENHYDRATE:,4.0,g,per_100g,qty: got 4.0 expected 38 | context: got per_100g expected per_serving (80 g)
incorrect,119.jpeg,BALLASTSTOFFE,3.6,g,per_serving (80 g),Ballaststoffe,24,g,per_100g,qty: got 24 expected 3.6 | context: got per_100g expected per_serving (80 g)
incorrect,119.jpeg,EIWEIẞ,19,g,per_serving (80 g),Eiweiss,0.70,g,per_100g,qty: got 0.70 expected 19 | context: got per_100g expected per_serving (80 g)
incorrect,119.jpeg,SALZ,0.56,g,per_serving (80 g),SALZ,17,g,per_serving,qty: got 17 expected 0.56
missing,119.jpeg,ENERGIE,1471,kJ,per_100g,,,,,nutrient not found in predictions
missing,119.jpeg,ENERGIE,352,kcal,per_100g,,,,,nutrient not found in predictions
missing,119.jpeg,- DAVON GESÄTTIGTE FETTSÄUREN,3.0,g,per_100g,,,,,nutrient not found in predictions
missing,119.jpeg,- DAVON ZUCKER,4.0,g,per_100g,,,,,nutrient not found in predictions
missing,119.jpeg,- DAVON MEHRWERTIGE ALKOHOLE,21,g,per_100g,,,,,nutrient not found in predictions
missing,119.jpeg,ENERGIE,1177,kJ,per_serving (80 g),,,,,nutrient not found in predictions
missing,119.jpeg,ENERGIE,282,kcal,per_serving (80 g),,,,,nutrient not found in predictions
missing,119.jpeg,- DAVON GESÄTTIGTE FETTSÄUREN,2.4,g,per_serving (80 g),,,,,nutrient not found in predictions
missing,119.jpeg,- DAVON ZUCKER,3.2,g,per_serving (80 g),,,,,nutrient not found in predictions
missing,119.jpeg,- DAVON MEHRWERTIGE ALKOHOLE,17,g,per_serving (80 g),,,,,nutrient not found in predictions
incorrect,12.png,Energie / Energia / Energie / Energi / Energia / Energi,129,kcal,per_100ml,Energie / Energi,129,kcal,per_100ml,nutrient: no match
incorrect,12.png,Vetten / Rasva / Matières grasses / Fett / Tłuszcze / Fett,0.0,g,per_100ml,Fatten/ Rasva / Matiéres grasses / Fett/ Tlustcze / Fett,0.0,g,per_100ml,nutrient: no match
incorrect,12.png,waarvan verzadigde vetzuren / josta tyydyttyneiden rasvojen osuus / dont matières grasses saturées / med andel mættet fett / w tym tłuszcze nasycone / varav mättat fett,0.0,g,per_100ml,sattnat fett / w tym tluszcze nasycone / varav mattat fat,0.0,g,per_serving,nutrient: no match | context: got per_serving expected per_100ml
incorrect,12.png,Koolhydraten / Hiilihydraatit / Glucides / Karbohydrater / Węglowodany / Kolhydrater,32,g,per_100ml,Koolhydraten / Hillhydraatit / Glucides / Karbohydrater,32,g,per_100ml,nutrient: no match
incorrect,12.png,waarvan suikers / josta sokereiden osuus / dont sucres / med andel sukker / w tym cukry / varav socker,1.1,g,per_100ml,waarvan sukers / josta sokereiden osuus / dont sucres,1.1,g,per_100ml,nutrient: no match
incorrect,12.png,Energie / Energia / Energie / Energi / Energia / Energi,77,kcal,per_serving (60ml),Energie / Energi,77,kcal,per_serving,nutrient: no match
incorrect,12.png,Koolhydraten / Hiilihydraatit / Glucides / Karbohydrater / Węglowodany / Kolhydrater,19,g,per_serving (60ml),Koolhydraten / Hillhydraatit / Glucides / Karbohydrater,19,g,per_serving,nutrient: no match
incorrect,12.png,waarvan suikers / josta sokereiden osuus / dont sucres / med andel sukker / w tym cukry / varav socker,0.7,g,per_serving (60ml),waarvan sukers / josta sokereiden osuus / dont sucres,0.7,g,per_serving,nutrient: no match
missing,12.png,Energie / Energia / Energie / Energi / Energia / Energi,547,kJ,per_100ml,,,,,nutrient not found in predictions
missing,12.png,Zout / Suola / Sel / Salt / Sól / Salt,0.6,g,per_100ml,,,,,nutrient not found in predictions
missing,12.png,Energie / Energia / Energie / Energi / Energia / Energi,328,kJ,per_serving (60ml),,,,,nutrient not found in predictions
missing,12.png,Vetten / Rasva / Matières grasses / Fett / Tłuszcze / Fett,0.0,g,per_serving (60ml),,,,,nutrient not found in predictions
missing,12.png,waarvan verzadigde vetzuren / josta tyydyttyneiden rasvojen osuus / dont matières grasses saturées / med andel mættet fett / w tym tłuszcze nasycone / varav mättat fett,0.0,g,per_serving (60ml),,,,,nutrient not found in predictions
missing,12.png,Zout / Suola / Sel / Salt / Sól / Salt,0.4,g,per_serving (60ml),,,,,nutrient not found in predictions
incorrect,120.jpeg,FOLSÄURE,200,µg,per_daily_dose (10 G),Folsaure,200,g,per_daily_dose,unit: got g expected µg
incorrect,120.jpeg,BIOTIN,40,µg,per_daily_dose (10 G),Biotin,40,g,per_daily_dose,unit: got g expected µg
incorrect,120.jpeg,JOD,100,µg,per_daily_dose (10 G),Jod,100,g,per_daily_dose,unit: got g expected µg
incorrect,120.jpeg,SELEN,22,µg,per_daily_dose (10 G),SELEN,22,g,per_daily_dose,unit: got g expected µg
incorrect,120.jpeg,CHROM,25,µg,per_daily_dose (10 G),CHROM,25,g,per_daily_dose,unit: got g expected µg
incorrect,120.jpeg,MOLYBDÄN,45,µg,per_daily_dose (10 G),MOLYBDAN,45,g,per_daily_dose,unit: got g expected µg
incorrect,120.jpeg,ALPHA-LIPONSÄURE,42,mg,per_daily_dose (10 G),ON,6.5,mg,per_daily_dose,nutrient: no match | qty: got 6.5 expected 42
incorrect,120.jpeg,LACTOBACILLUS ACIDOPHILUS,3.6 x 10^8,KBE,per_daily_dose (10 G),HI,250,mg,per_daily_dose,nutrient: no match | qty: got 250 expected 3.6 x 10^8 | unit: got mg expected KBE
missing,120.jpeg,RUTIN,20,mg,per_daily_dose (10 G),,,,,nutrient not found in predictions
missing,120.jpeg,BIFIDOBACTERIUM BIFIDUM,3.6 x 10^8,KBE,per_daily_dose (10 G),,,,,nutrient not found in predictions
missing,120.jpeg,VITAMIN C,250,mg,per_daily_dose (10 G),,,,,nutrient not found in predictions
missing,120.jpeg,VITAMIN E,30,mg,per_daily_dose (10 G),,,,,nutrient not found in predictions
missing,120.jpeg,VITAMIN B6,0.9,mg,per_daily_dose (10 G),,,,,nutrient not found in predictions
missing,120.jpeg,VITAMIN B2,1.1,mg,per_daily_dose (10 G),,,,,nutrient not found in predictions
missing,120.jpeg,VITAMIN B1,1,mg,per_daily_dose (10 G),,,,,nutrient not found in predictions
missing,120.jpeg,VITAMIN B12,4.1,µg,per_daily_dose (10 G),,,,,nutrient not found in predictions
missing,120.jpeg,VITAMIN D3,5.2,µg,per_daily_dose (10 G),,,,,nutrient not found in predictions
missing,120.jpeg,VITAMIN K,60.4,µg,per_daily_dose (10 G),,,,,nutrient not found in predictions
incorrect,121.jpeg,BALLASTSTOFFE,7.9,g,per_serving (45g),Ballaststoffe,79,g,per_serving,qty: got 79 expected 7.9
missing,121.jpeg,ENERGIE,1.401,kJ,per_100g,,,,,nutrient not found in predictions
missing,121.jpeg,ENERGIE,336,kcal,per_100g,,,,,nutrient not found in predictions
missing,121.jpeg,- DAVON GESÄTTIGTE FETTSÄUREN,6.5,g,per_100g,,,,,nutrient not found in predictions
missing,121.jpeg,- DAVON ZUCKER,4.9,g,per_100g,,,,,nutrient not found in predictions
missing,121.jpeg,- DAVON MEHRWERTIGE ALKOHOLE,15,g,per_100g,,,,,nutrient not found in predictions
missing,121.jpeg,ENERGIE,631,kJ,per_serving (45g),,,,,nutrient not found in predictions
missing,121.jpeg,ENERGIE,151,kcal,per_serving (45g),,,,,nutrient not found in predictions
missing,121.jpeg,- DAVON GESÄTTIGTE FETTSÄUREN,2.9,g,per_serving (45g),,,,,nutrient not found in predictions
missing,121.jpeg,- DAVON ZUCKER,2.2,g,per_serving (45g),,,,,nutrient not found in predictions
missing,121.jpeg,- DAVON MEHRWERTIGE ALKOHOLE,6.7,g,per_serving (45g),,,,,nutrient not found in predictions
incorrect,15.png,Natrium/Sodium,5.952,mg,per_100g,Natrium/Sodium,5962,mg,per_100g,qty: got 5962 expected 5.952
incorrect,15.png,Natrium/Sodium,250,mg,per_serving (4.2 g),Natrium/Sodium,200,mg,per_serving,qty: got 200 expected 250
missing,15.png,Energie,161,kJ,per_100g,,,,,nutrient not found in predictions
missing,15.png,Energie,38,kcal,per_100g,,,,,nutrient not found in predictions
missing,15.png,Fett/Fat,0,g,per_100g,,,,,nutrient not found in predictions
missing,15.png,davon gesättigte Fettsäuren/of which saturates,0,g,per_100g,,,,,nutrient not found in predictions
missing,15.png,Kohlenhydrate/Carbohydrate,13.1,g,per_100g,,,,,nutrient not found in predictions
missing,15.png,davon Zucker/of which sugars,0.5,g,per_100g,,,,,nutrient not found in predictions
missing,15.png,Eiweiss/Protein,0,g,per_100g,,,,,nutrient not found in predictions
missing,15.png,Kalium/Potassium,3571,mg,per_100g,,,,,nutrient not found in predictions
missing,15.png,Chlorid(e),4762,mg,per_100g,,,,,nutrient not found in predictions
missing,15.png,Koffein/Caffeine,1785,mg,per_100g,,,,,nutrient not found in predictions
missing,15.png,Energie,6.8,kJ,per_serving (4.2 g),,,,,nutrient not found in predictions
missing,15.png,Energie,1.6,kcal,per_serving (4.2 g),,,,,nutrient not found in predictions
missing,15.png,Fett/Fat,0,g,per_serving (4.2 g),,,,,nutrient not found in predictions
missing,15.png,davon gesättigte Fettsäuren/of which saturates,0,g,per_serving (4.2 g),,,,,nutrient not found in predictions
missing,15.png,Kohlenhydrate/Carbohydrate,0.6,g,per_serving (4.2 g),,,,,nutrient not found in predictions
missing,15.png,davon Zucker/of which sugars,0,g,per_serving (4.2 g),,,,,nutrient not found in predictions
missing,15.png,Eiweiss/Protein,0,g,per_serving (4.2 g),,,,,nutrient not found in predictions
missing,15.png,Kalium/Potassium,150,mg,per_serving (4.2 g),,,,,nutrient not found in predictions
missing,15.png,Chlorid(e),200,mg,per_serving (4.2 g),,,,,nutrient not found in predictions
missing,15.png,Koffein/Caffeine,75.0,mg,per_serving (4.2 g),,,,,nutrient not found in predictions
missing,15.png,Energie,13.6,kJ,per_daily_dose (2 x 4.2 g),,,,,nutrient not found in predictions
missing,15.png,Energie,3.2,kcal,per_daily_dose (2 x 4.2 g),,,,,nutrient not found in predictions
missing,15.png,Fett/Fat,0,g,per_daily_dose (2 x 4.2 g),,,,,nutrient not found in predictions
missing,15.png,davon gesättigte Fettsäuren/of which saturates,0,g,per_daily_dose (2 x 4.2 g),,,,,nutrient not found in predictions
missing,15.png,Kohlenhydrate/Carbohydrate,1.1,g,per_daily_dose (2 x 4.2 g),,,,,nutrient not found in predictions
missing,15.png,davon Zucker/of which sugars,0,g,per_daily_dose (2 x 4.2 g),,,,,nutrient not found in predictions
missing,15.png,Eiweiss/Protein,0,g,per_daily_dose (2 x 4.2 g),,,,,nutrient not found in predictions
missing,15.png,Kalium/Potassium,300,mg,per_daily_dose (2 x 4.2 g),,,,,nutrient not found in predictions
missing,15.png,Chlorid(e),400,mg,per_daily_dose (2 x 4.2 g),,,,,nutrient not found in predictions
missing,15.png,Koffein/Caffeine,150,mg,per_daily_dose (2 x 4.2 g),,,,,nutrient not found in predictions
missing,17.png,Vitamin B12,0.38,µg,per_serving (piece),,,,,nutrient not found in predictions
incorrect,2.png,Kohlenhydrate/carbohydrates,50,g,per_serving (1 Tube (70g)),Kohlenhydrate/carbohydrates,50,g,per_daily_dose,context: got per_daily_dose expected per_serving (1 Tube (70g))
incorrect,2.png,davon Zuckerarten/of which sugars,25,g,per_serving (1 Tube (70g)),davon Zuckerarten/of which sugars,25,g,per_daily_dose,context: got per_daily_dose expected per_serving (1 Tube (70g))
incorrect,2.png,Salz/salt,0.30,g,per_serving (1 Tube (70g)),Salz/salt,0.30,g,per_daily_dose,context: got per_daily_dose expected per_serving (1 Tube (70g))
incorrect,2.png,Fett/fat,0,g,per_100g,Fett/fat,1616,,per_100g,qty: got 1616 expected 0 | unit: got None expected g
incorrect,2.png,davon gesättigte Fettsäuren/of which saturates,0,g,per_100g,of which saturates,70,g,per_100g,nutrient: no match | qty: got 70 expected 0
incorrect,2.png,davon gesättigte Fettsäuren/of which saturates,0,g,per_serving (1 Tube (70g)),of which saturates,50,g,per_daily_dose,nutrient: no match | qty: got 50 expected 0 | context: got per_daily_dose expected per_serving (1 Tube (70g))
incorrect,2.png,Fett/fat,0,g,per_serving (1 Tube (70g)),davon gesattigte Fettsauren,1616,,per_100g,nutrient: no match | qty: got 1616 expected 0 | unit: got None expected g | context: got per_100g expected per_serving (1 Tube (70g))
missing,2.png,Energie/energy kJ,1195,kJ,per_100g,,,,,nutrient not found in predictions
missing,2.png,Energie/energy kcal,281,kcal,per_100g,,,,,nutrient not found in predictions
missing,2.png,Energie/energy kJ,837,kJ,per_serving (1 Tube (70g)),,,,,nutrient not found in predictions
missing,2.png,Energie/energy kcal,197,kcal,per_serving (1 Tube (70g)),,,,,nutrient not found in predictions
missing,2.png,Eiweiss/Protein,0,g,per_serving (1 Tube (70g)),,,,,nutrient not found in predictions
incorrect,20.png,Selen/Selenium,200,µg,per_100g (100 g Pulver),Selen/Selenium,200,g,per_100g,unit: got g expected µg
incorrect,20.png,Folsäure/Folic Acid,1333,µg,per_100g (100 g Pulver),Folsaure/Folic Acid,1333,g,per_100g,unit: got g expected µg
incorrect,20.png,Vitamin B12,6.7,µg,per_100g (100 g Pulver),Vitamin B12,6.7,g,per_100g,unit: got g expected µg
incorrect,20.png,Biotin,1000,µg,per_100g (100 g Pulver),biotin,1000,g,per_100g,unit: got g expected µg
incorrect,20.png,Vitamin B1,200,µg,per_daily_dose (1 Portion = 15 g),Vitamin B1,200,g,per_daily_dose,unit: got g expected µg
incorrect,20.png,Vitamin B6,13.3,mg,per_100g (100 g Pulver),Vitamin B6,40,mg,per_100g,qty: got 40 expected 13.3
incorrect,20.png,Vitamin B1,9.3,mg,per_100g (100 g Pulver),Vitamin B1,13.3,mg,per_100g,qty: got 13.3 expected 9.3
incorrect,20.png,Kohlenhydrate/Carbohydrate,11.7,g,per_daily_dose (1 Portion = 15 g),Kohlenhydrate/Carbohydrate,<0.1,g,per_daily_dose,qty: got <0.1 expected 11.7
incorrect,20.png,Kalium/Potassium,100,mg,per_daily_dose (1 Portion = 15 g),Kalium/Potassium,120,mg,per_daily_dose,qty: got 120 expected 100
incorrect,20.png,Calcium,120,mg,per_daily_dose (1 Portion = 15 g),Calcium,45,mg,per_daily_dose,qty: got 45 expected 120
incorrect,20.png,Magnesium,45,mg,per_daily_dose (1 Portion = 15 g),Magnesium,800,mg,per_100g,qty: got 800 expected 45 | context: got per_100g expected per_daily_dose (1 Portion = 15 g)
incorrect,20.png,Phosphor/Phosphorus,120,mg,per_daily_dose (1 Portion = 15 g),Phosphor/Phosphorus,667,mg,per_100g,qty: got 667 expected 120 | context: got per_100g expected per_daily_dose (1 Portion = 15 g)
incorrect,20.png,Pantothensäure/Pantothenic Acid,6,mg,per_daily_dose (1 Portion = 15 g),Pantothensaure/Pantothenic Acid,1.6,mg,per_daily_dose,qty: got 1.6 expected 6
incorrect,20.png,Brennwert/Energy Value,1474,kJ,per_100g (100 g Pulver),Brennwert/Energy Value,<0.1,g,per_daily_dose,qty: got <0.1 expected 1474 | unit: got g expected kJ | context: got per_daily_dose expected per_100g (100 g Pulver)
incorrect,20.png,Niacin,240,mg NE,per_100g (100 g Pulver),Niacin,800,mg,per_100g,qty: got 800 expected 240 | unit: got mg expected mg NE
incorrect,20.png,Selen/Selenium,33,µg,per_daily_dose (1 Portion = 15 g),Selen/Selenium,800,mg,per_100g,qty: got 800 expected 33 | unit: got mg expected µg | context: got per_100g expected per_daily_dose (1 Portion = 15 g)
incorrect,20.png,Niacin,16,mg NE,per_daily_dose (1 Portion = 15 g),Niacin,10,mg a-te,per_daily_dose,qty: got 10 expected 16 | unit: got mg a-te expected mg NE
incorrect,20.png,Vitamin B6,1,mg,per_daily_dose (1 Portion = 15 g),Vitamin B6,200,g,per_daily_dose,qty: got 200 expected 1 | unit: got g expected mg
incorrect,20.png,Folsäure/Folic Acid,200,µg,per_daily_dose (1 Portion = 15 g),Folsaure/Folic Acid,9.3,mg,per_100g,qty: got 9.3 expected 200 | unit: got mg expected µg | context: got per_100g expected per_daily_dose (1 Portion = 15 g)
incorrect,20.png,Vitamin B12,1,µg,per_daily_dose (1 Portion = 15 g),Vitamin B12,1333,g,per_100g,qty: got 1333 expected 1 | unit: got g expected µg | context: got per_100g expected per_daily_dose (1 Portion = 15 g)
incorrect,20.png,Biotin,153,µg,per_daily_dose (1 Portion = 15 g),biotin,1333,g,per_100g,qty: got 1333 expected 153 | unit: got g expected µg | context: got per_100g expected per_daily_dose (1 Portion = 15 g)
incorrect,20.png,Eiweiß/Protein,0.1,g,per_100g (100 g Pulver),EwebB/Protein,<0.1,g,per_100g,nutrient: no match
incorrect,20.png,Fett/Fat,0.5,g,per_100g (100 g Pulver),Fatt/Fat,<0.5,g,per_100g,nutrient: no match
incorrect,20.png,Eiweiß/Protein,0.1,g,per_daily_dose (1 Portion = 15 g),EwebB/Protein,11.7,g,per_daily_dose,nutrient: no match | qty: got 11.7 expected 0.1
incorrect,20.png,Fett/Fat,0.1,g,per_daily_dose (1 Portion = 15 g),Fatt/Fat,58,g,per_daily_dose,nutrient: no match | qty: got 58 expected 0.1
missing,20.png,Brennwert/Energy Value,346,kcal,per_100g (100 g Pulver),,,,,nutrient not found in predictions
missing,20.png,Chlorid/Chloride,667,mg,per_100g (100 g Pulver),,,,,nutrient not found in predictions
missing,20.png,Koffein (aus Guaranatrankpulver) / Caffeine (from Guarana extract powder),250,mg,per_100g (100 g Pulver),,,,,nutrient not found in predictions
missing,20.png,Vitamin C,800,mg,per_100g (100 g Pulver),,,,,nutrient not found in predictions
missing,20.png,Vitamin E,67,mg α-TE,per_100g (100 g Pulver),,,,,nutrient not found in predictions
missing,20.png,Vitamin B2,10.7,mg,per_100g (100 g Pulver),,,,,nutrient not found in predictions
missing,20.png,Vitamin A (aus/from Provitamin A),2220,µg RE,per_100g (100 g Pulver),,,,,nutrient not found in predictions
missing,20.png,Brennwert/Energy Value,52,kcal,per_daily_dose (1 Portion = 15 g),,,,,nutrient not found in predictions
missing,20.png,Chlorid/Chloride,120,mg,per_daily_dose (1 Portion = 15 g),,,,,nutrient not found in predictions
missing,20.png,Koffein (aus Guaranatrankpulver) / Caffeine (from Guarana extract powder),37.5,mg,per_daily_dose (1 Portion = 15 g),,,,,nutrient not found in predictions
missing,20.png,Vitamin C,37.5,mg,per_daily_dose (1 Portion = 15 g),,,,,nutrient not found in predictions
missing,20.png,Vitamin E,10,mg α-TE,per_daily_dose (1 Portion = 15 g),,,,,nutrient not found in predictions
missing,20.png,Vitamin B2,1.6,mg,per_daily_dose (1 Portion = 15 g),,,,,nutrient not found in predictions
missing,20.png,Vitamin A (aus/from Provitamin A),225,µg RE,per_daily_dose (1 Portion = 15 g),,,,,nutrient not found in predictions
incorrect,201.jpeg,Energie/ Energy/ Energie/ Énergie/ Wartość energetyczna/ Energetická hodnota/ Energia/ Energia/ Valor energético/ Energia,1642,kJ,per_100g,Energie/ Energy/Energie/Energie/Wartosc energetyczna/Energeticka,1642,kj,per_100g,nutrient: no match
incorrect,201.jpeg,Energie/ Energy/ Energie/ Énergie/ Wartość energetyczna/ Energetická hodnota/ Energia/ Energia/ Valor energético/ Energia,392,kcal,per_100g,Energie/ Energy/Energie/Energie/Wartosc energetyczna/Energeticka,392,kcal,per_100g,nutrient: no match
incorrect,201.jpeg,Eiwitten/ Protein/ Eiweiß/ Protéines/ Białko/ Bílkoviny/ Proteine/ Bielkoviny/ Proteínas/ Proteínas,77,g,per_100g,Eiwitten/Protein/Eiweib/Protéines/Biatko/Bilkoviny/Proteine/Bielkoviny,77,g,per_100g,nutrient: no match
incorrect,201.jpeg,Zout/ Salt/ Salz/ Sel/ Sól/ Sůl/ Sale/ Sol/ Sal/ Sal,0.05,g,per_100g,Zout/Salt/Salz/Sel/Sol/Sul/Sale/Sol/Sal/Sal,0.05,g,per_100g,nutrient: no match
incorrect,201.jpeg,Energie/ Energy/ Energie/ Énergie/ Wartość energetyczna/ Energetická hodnota/ Energia/ Energia/ Valor energético/ Energia,493,kJ,per_serving (30 g (1 Scoop)),Energie/ Energy/Energie/Energie/Wartosc energetyczna/Energeticka,493,kj,por 30go,nutrient: no match | context: got por 30go expected per_serving (30 g (1 Scoop))
incorrect,201.jpeg,Energie/ Energy/ Energie/ Énergie/ Wartość energetyczna/ Energetická hodnota/ Energia/ Energia/ Valor energético/ Energia,118,kcal,per_serving (30 g (1 Scoop)),hodnota/Energia/Energia/Valor energetico/Energia,118,kcal,por 30go,nutrient: no match | context: got por 30go expected per_serving (30 g (1 Scoop))
incorrect,201.jpeg,Eiwitten/ Protein/ Eiweiß/ Protéines/ Białko/ Bílkoviny/ Proteine/ Bielkoviny/ Proteínas/ Proteínas,23,g,per_serving (30 g (1 Scoop)),Eiwitten/Protein/Eiweib/Protéines/Biatko/Bilkoviny/Proteine/Bielkoviny,23,g,por 30go,nutrient: no match | context: got por 30go expected per_serving (30 g (1 Scoop))
incorrect,201.jpeg,Zout/ Salt/ Salz/ Sel/ Sól/ Sůl/ Sale/ Sol/ Sal/ Sal,0.02,g,per_serving (30 g (1 Scoop)),Zout/Salt/Salz/Sel/Sol/Sul/Sale/Sol/Sal/Sal,0.02,g,por 30go,nutrient: no match | context: got por 30go expected per_serving (30 g (1 Scoop))
incorrect,201.jpeg,- waarvan verzadigde vetzuren/ of which saturates/ davon gesättigte Fettsäuren/ dont acides gras saturés/ w tym kwasy tłuszczowe nasycone/ z toho nasycené mastné kyseliny/ di cui acidi grassi saturi/ z toho nasýtené mastné kyseliny/ de las cuales saturadas/ dos quais saturados,4.2,g,per_100g,cuales saturadas/ dos quais saturados,392,kcal,per_100g,nutrient: no match | qty: got 392 expected 4.2 | unit: got kcal expected g
incorrect,201.jpeg,- waarvan verzadigde vetzuren/ of which saturates/ davon gesättigte Fettsäuren/ dont acides gras saturés/ w tym kwasy tłuszczowe nasycone/ z toho nasycené mastné kyseliny/ di cui acidi grassi saturi/ z toho nasýtené mastné kyseliny/ de las cuales saturadas/ dos quais saturados,1.3,g,per_serving (30 g (1 Scoop)),cuales saturadas/ dos quais saturados,118,kcal,por 30go,nutrient: no match | qty: got 118 expected 1.3 | unit: got kcal expected g | context: got por 30go expected per_serving (30 g (1 Scoop))
missing,201.jpeg,Vetten/ Fat/ Fett/ Matières grasses/ Tłuszcz/ Tuky/ Grassi/ Tuky/ Grasas/ Lípidos,6.7,g,per_100g,,,,,nutrient not found in predictions
missing,201.jpeg,Koolhydraten/ Carbohydrate/ Kohlenhydrate/ Glucides/ Węglowodany/ Sacharidy/ Carboidrati/ Sacharidy/ Hidratos de carbono/ Hidratos de carbono,8.1,g,per_100g,,,,,nutrient not found in predictions
missing,201.jpeg,waarvan suikers/ of which sugars/ davon Zucker/ dont sucres/ w tym cukry/ z toho cukry/ di cui zuccheri/ z toho cukry/ de los cuales azúcares/ dos quais açúcares,7.7,g,per_100g,,,,,nutrient not found in predictions
missing,201.jpeg,Vetten/ Fat/ Fett/ Matières grasses/ Tłuszcz/ Tuky/ Grassi/ Tuky/ Grasas/ Lípidos,2,g,per_serving (30 g (1 Scoop)),,,,,nutrient not found in predictions
missing,201.jpeg,Koolhydraten/ Carbohydrate/ Kohlenhydrate/ Glucides/ Węglowodany/ Sacharidy/ Carboidrati/ Sacharidy/ Hidratos de carbono/ Hidratos de carbono,2.4,g,per_serving (30 g (1 Scoop)),,,,,nutrient not found in predictions
missing,201.jpeg,waarvan suikers/ of which sugars/ davon Zucker/ dont sucres/ w tym cukry/ z toho cukry/ di cui zuccheri/ z toho cukry/ de los cuales azúcares/ dos quais açúcares,2.3,g,per_serving (30 g (1 Scoop)),,,,,nutrient not found in predictions
incorrect,26.png,CARBOHYDRATE,56,g,per_100g,CARBOHYDRATE,7,g,per_100g,qty: got 7 expected 56
incorrect,26.png,PROTEIN,3.5,g,per_100g,PROTEIN,0.11,g,per_100g,qty: got 0.11 expected 3.5
incorrect,26.png,ENERGY,225,kcal,per_100g,ENERGY,255,kj,per_100g,qty: got 255 expected 225 | unit: got kj expected kcal
incorrect,26.png,SALT,0.11,g,per_100g,SALT,,,per_100g,qty: got None expected 0.11 | unit: got None expected g
incorrect,26.png,OF WHICH SATURATES,0,g,per_100g,SATURATES,56,g,per_100g,nutrient: no match | qty: got 56 expected 0
missing,26.png,OF WHICH SUGARS,7,g,per_100g,,,,,nutrient not found in predictions
incorrect,27.png,Zink/Zinc,75,mg,per_100g (100 g Pulver),Zink/Zinc,2000,mg,per_100g,qty: got 2000 expected 75
incorrect,27.png,Vitamin D,37,µg,per_100g (100 g Pulver),Vitamin D,251,g,per_100g,qty: got 251 expected 37 | unit: got g expected µg
incorrect,27.png,Eiweiß/Protein,0.1,g,per_100g (100 g Pulver),EsemB/Protein,<0.1,g,per_100g,nutrient: no match
incorrect,27.png,Kohlenhydrate/Carbohydrate,49,g,per_100g (100 g Pulver),Kublephydrate/Carbohydrate,49,g,per_100g,nutrient: no match
incorrect,27.png,Fett/Fat,0.5,g,per_100g (100 g Pulver),Fert/Fat,<0.5,g,per_100g,nutrient: no match
incorrect,27.png,Mangan/Manganese,15,mg,per_100g (100 g Pulver),Mangen/Manganese,15,mg,per_100g,nutrient: no match
incorrect,27.png,Kupfer/Copper,10000,µg,per_100g (100 g Pulver),Kuples/Copper,10000,g,per_100g,nutrient: no match | unit: got g expected µg
incorrect,27.png,Selen/Selenium,251,µg,per_100g (100 g Pulver),Sefee/Selenium,251,g,per_100g,nutrient: no match | unit: got g expected µg
missing,27.png,Brennwert/Energy Value,1254,kJ,per_100g (100 g Pulver),,,,,nutrient not found in predictions
missing,27.png,Brennwert/Energy Value,300,kcal,per_100g (100 g Pulver),,,,,nutrient not found in predictions
incorrect,30.png,CARBOHYDRATE,39,g,per_serving (Per Bar 55g),carbohydrate,39,,per_serving,unit: got None expected g
incorrect,30.png,DIETARY FIBRE,2.0,g,per_serving (Per Bar 55g),dietary fibre,2.0,,per_serving,unit: got None expected g
incorrect,30.png,CARBOHYDRATE,71,g,per_100g,carbohydrate,71,,per_100g,unit: got None expected g
incorrect,30.png,DIETARY FIBRE,3.6,g,per_100g,dietary fibre,3.6,,per_100g,unit: got None expected g
incorrect,30.png,FAT,5.0,g,per_serving (Per Bar 55g),FAT: (g,5.0,g,per_serving,nutrient: no match
incorrect,30.png,SUGARS,19,g,per_serving (Per Bar 55g),- SUGARS (g,19,g,per_serving,nutrient: no match
incorrect,30.png,SODIUM,70,mg,per_serving (Per Bar 55g),SODIUM (mg,70,mg,per_serving,nutrient: no match
incorrect,30.png,FAT,9.1,g,per_100g,FAT: (g,9.1,g,per_100g,nutrient: no match
incorrect,30.png,SUGARS,35,g,per_100g,- SUGARS (g,35,g,per_100g,nutrient: no match
incorrect,30.png,SODIUM,130,mg,per_100g,SODIUM (mg,130,mg,per_100g,nutrient: no match
missing,30.png,ENERGY,907,kJ,per_serving (Per Bar 55g),,,,,nutrient not found in predictions
missing,30.png,ENERGY,215,kcal,per_serving (Per Bar 55g),,,,,nutrient not found in predictions
missing,30.png,ENERGY,1649,kJ,per_100g,,,,,nutrient not found in predictions
missing,30.png,ENERGY,391,kcal,per_100g,,,,,nutrient not found in predictions
incorrect,33.png,Eiweiss/protein,0,g,per_serving (75 g (300 ml)),Eiweiss/protein,0.53,g,per_100g,qty: got 0.53 expected 0 | context: got per_100g expected per_serving (75 g (300 ml))
incorrect,33.png,davon gesättigte Fettsäuren/of which saturates,0,g,per_100g,davon gesattigte Fettsauren,0,g,per_100g,nutrient: no match
incorrect,33.png,davon Zuckerarten/of which sugars,56,g,per_100g,of which sugars,56,g,per_100g,nutrient: no match
incorrect,33.png,davon gesättigte Fettsäuren/of which saturates,0,g,per_serving (75 g (300 ml)),of which saturates,0,g,per_100g,nutrient: no match | context: got per_100g expected per_serving (75 g (300 ml))
incorrect,33.png,davon Zuckerarten/of which sugars,42,g,per_serving (75 g (300 ml)),of which sugars,42,g,per_serving,nutrient: no match
missing,33.png,Energie/energy kJ,1660,kJ,per_100g,,,,,nutrient not found in predictions
missing,33.png,Energie/energy kcal,390,kcal,per_100g,,,,,nutrient not found in predictions
missing,33.png,Chlorid/chlorure,140,mg,per_100g,,,,,nutrient not found in predictions
missing,33.png,Energie/energy kJ,1245,kJ,per_serving (75 g (300 ml)),,,,,nutrient not found in predictions
missing,33.png,Energie/energy kcal,293,kcal,per_serving (75 g (300 ml)),,,,,nutrient not found in predictions
missing,33.png,Fett/fat,0,g,per_serving (75 g (300 ml)),,,,,nutrient not found in predictions
missing,33.png,Chlorid/chlorure,105,mg,per_serving (75 g (300 ml)),,,,,nutrient not found in predictions
incorrect,34.png,Potassium,100,mg,per_serving (25g serving),Potassium,100,mg,per_100g,context: got per_100g expected per_serving (25g serving)
incorrect,34.png,Fat,0,g,per_serving (25g serving),Fat,20,g,per_serving,qty: got 20 expected 0
incorrect,34.png,Protein,0,g,per_serving (25g serving),Protein,0.9,g,per_serving,qty: got 0.9 expected 0
incorrect,34.png,C,72,mg,per_100g,Zinc,100,mg,per_100g,nutrient: no match | qty: got 100 expected 72
incorrect,34.png,C,18,mg,per_serving (25g serving),Folic acid,0.2,mg,per_serving,nutrient: no match | qty: got 0.2 expected 18
missing,34.png,Energy,319,kcal,per_100g,,,,,nutrient not found in predictions
incorrect,35.jpeg,Vitamin C,100.8,mg,per_serving (pro 3 Tabletten),Vitamin C,100.8,mg,per_daily_dose,context: got per_daily_dose expected per_serving (pro 3 Tabletten)
incorrect,35.jpeg,Magnesium,225,mg,per_serving (pro 3 Tabletten),Magnesium,100.8,mg,per_daily_dose,qty: got 100.8 expected 225 | context: got per_daily_dose expected per_serving (pro 3 Tabletten)
incorrect,4.png,ENERGY,952,,per_100g,ENERGY,952,kcal,per_100g,unit: got kcal expected 
incorrect,4.png,PROTEIN,0.1,g,per_100g,PROTEIN,0.12,g,per_100g,qty: got 0.12 expected 0.1
incorrect,4.png,OF WHICH SATURATES,0,g,per_100g,saturates,0,g,per_100g,nutrient: no match
missing,4.png,OF WHICH SUGARS,6.7,g,per_100g,,,,,nutrient not found in predictions
incorrect,41.png,ENERGY,144,kcal,per_100g,ENERGY,144,kj,per_100g,unit: got kj expected kcal
incorrect,41.png,CARBOHYDRATE,36,g,per_100g,CARBOHYDRATE,16156,g,per_100g,qty: got 16156 expected 36
incorrect,41.png,OF WHICH SATURATES,0,g,per_100g,SATURATES,0,g,per_100g,nutrient: no match
missing,41.png,OF WHICH SUGARS,4.5,g,per_100g,,,,,nutrient not found in predictions
incorrect,42.png,PROTEIN,0,g,per_serving (PER SERVE 47g),protein,0,,per_serving,unit: got None expected g
incorrect,42.png,DIETARY FIBRE,0,g,per_serving (PER SERVE 47g),dietary fibre,0,,per_100g,unit: got None expected g | context: got per_100g expected per_serving (PER SERVE 47g)
incorrect,42.png,PROTEIN,0.1,g,per_100g,protein,0.1,,per_100g,unit: got None expected g
incorrect,42.png,CARBOHYDRATE,94,g,per_100g,carbohydrate,94,,per_100g,unit: got None expected g
incorrect,42.png,FAT,0,g,per_serving (PER SERVE 47g),FAT (g,0,g,per_100g,nutrient: no match | context: got per_100g expected per_serving (PER SERVE 47g)
incorrect,42.png,SODIUM,240,mg,per_serving (PER SERVE 47g),SODIUM (mg,240,mg,per_serving,nutrient: no match
incorrect,42.png,SODIUM,500,mg,per_100g,SODIUM (mg,500,mg,per_100g,nutrient: no match
missing,42.png,ENERGY,736,kJ,per_serving (PER SERVE 47g),,,,,nutrient not found in predictions
missing,42.png,ENERGY,176,kcal,per_serving (PER SERVE 47g),,,,,nutrient not found in predictions
missing,42.png,SATURATED FAT,0,g,per_serving (PER SERVE 47g),,,,,nutrient not found in predictions
missing,42.png,CARBOHYDRATE,44,g,per_serving (PER SERVE 47g),,,,,nutrient not found in predictions
missing,42.png,SUGARS,18,g,per_serving (PER SERVE 47g),,,,,nutrient not found in predictions
missing,42.png,ENERGY,1567,kJ,per_100g,,,,,nutrient not found in predictions
missing,42.png,ENERGY,374,kcal,per_100g,,,,,nutrient not found in predictions
missing,42.png,FAT,0,g,per_100g,,,,,nutrient not found in predictions
missing,42.png,DIETARY FIBRE,0,g,per_100g,,,,,nutrient not found in predictions
incorrect,45_1.png,DIETARY FIBRE,0,g,per_serving (1 SERV. 47g),dietary fibre,0,,per_serving,unit: got None expected g
incorrect,45_1.png,CARBOHYDRATE,44,g,per_serving (1 SERV. 47g),carbohydrate,1410,,per_serving,qty: got 1410 expected 44 | unit: got None expected g
incorrect,45_1.png,CARBOHYDRATE,94,g,per_100g,carbohydrate,8,,per_100g,qty: got 8 expected 94 | unit: got None expected g
incorrect,45_1.png,FAT,0,g,per_serving (1 SERV. 47g),FAT(g,0,g,per_serving,nutrient: no match
incorrect,45_1.png,SUGARS,18,g,per_serving (1 SERV. 47g),-SUGARS(g,0.1,g,per_100g,qty: got 0.1 expected 18 | context: got per_100g expected per_serving (1 SERV. 47g)
missing,45_1.png,ENERGY,736,kJ,per_serving (1 SERV. 47g),,,,,nutrient not found in predictions
missing,45_1.png,ENERGY,176,kcal,per_serving (1 SERV. 47g),,,,,nutrient not found in predictions
missing,45_1.png,SATURATED FAT,0,g,per_serving (1 SERV. 47g),,,,,nutrient not found in predictions
missing,45_1.png,ENERGY,1567,kJ,per_100g,,,,,nutrient not found in predictions
missing,45_1.png,ENERGY,374,kcal,per_100g,,,,,nutrient not found in predictions
missing,45_1.png,FAT,0,g,per_100g,,,,,nutrient not found in predictions
missing,45_1.png,SUGARS,38,g,per_100g,,,,,nutrient not found in predictions
missing,45_1.png,DIETARY FIBRE,0,g,per_100g,,,,,nutrient not found in predictions
incorrect,45_2.png,OF WHICH SATURATES,0,g,per_100g,SATURATES,16,,per_100g,nutrient: no match | qty: got 16 expected 0 | unit: got None expected g
missing,45_2.png,ENERGY,1567,kJ,per_100g,,,,,nutrient not found in predictions
missing,45_2.png,ENERGY,374,kcal,per_100g,,,,,nutrient not found in predictions
missing,45_2.png,OF WHICH SUGARS,38,g,per_100g,,,,,nutrient not found in predictions
incorrect,51.png,Fat | Fett | Matières grasses | Vetten,< 0.5,g,per_100g,Fat Fett Matieres grassesVetten,<0.5,g,per_100g,nutrient: no match
incorrect,51.png,- of which saturates | davon gesättigte Fettsäuren | dont acides gras saturés | waarvan verzadigde vetzuren,< 0.5,g,per_100g,dont acides gras saturéswaarvan verzadigde vetzuren,<0.5,g,per_100g,nutrient: no match
incorrect,51.png,Carbohydrate | Kohlenhydrate | Glucides | Koolhydraten,84,g,per_100g,CarbohydrateKohlenhydrateGlucidesKoolhydraten,84,g,per_100g,nutrient: no match
incorrect,51.png,- of which sugars | davon Zucker | dont sucres | waarvan suikers,62,g,per_100g,-of which sugarsdavon Zuckerdont sucreswaarvan suikers,62,g,per_100g,nutrient: no match
incorrect,51.png,Protein | Eiweiß | Protéines | Eiwitten,6.7,g,per_100g,ProteinEiweiBProtéinesElwitten,6.7,g,per_100g,nutrient: no match
incorrect,51.png,Carbohydrate | Kohlenhydrate | Glucides | Koolhydraten,50,g,per_serving (60 g),CarbohydrateKohlenhydrateGlucidesKoolhydraten,50,g,per_100g,nutrient: no match | context: got per_100g expected per_serving (60 g)
incorrect,51.png,- of which sugars | davon Zucker | dont sucres | waarvan suikers,37,g,per_serving (60 g),-of which sugarsdavon Zuckerdont sucreswaarvan suikers,37,g,per_100g,nutrient: no match | context: got per_100g expected per_serving (60 g)
incorrect,51.png,Salt | Salz | Sel | Zout,0.13,g,per_100g,SaltSalzSelZout,6.7,g,per_100g,nutrient: no match | qty: got 6.7 expected 0.13
incorrect,51.png,Protein | Eiweiß | Protéines | Eiwitten,4.0,g,per_serving (60 g),ProteinEiweiBProtéinesElwitten,37,g,per_100g,nutrient: no match | qty: got 37 expected 4.0 | context: got per_100g expected per_serving (60 g)
incorrect,51.png,Salt | Salz | Sel | Zout,0.08,g,per_serving (60 g),SaltSalzSelZout,4.0,g,per_100g,nutrient: no match | qty: got 4.0 expected 0.08 | context: got per_100g expected per_serving (60 g)
missing,51.png,Energy | Energie,1541,kJ,per_100g,,,,,nutrient not found in predictions
missing,51.png,Energy | Energie,363,kcal,per_100g,,,,,nutrient not found in predictions
missing,51.png,Vitamin B6 | Vitamine B6,0.35,mg,per_100g,,,,,nutrient not found in predictions
missing,51.png,Energy | Energie,925,kJ,per_serving (60 g),,,,,nutrient not found in predictions
missing,51.png,Energy | Energie,218,kcal,per_serving (60 g),,,,,nutrient not found in predictions
missing,51.png,Fat | Fett | Matières grasses | Vetten,< 0.5,g,per_serving (60 g),,,,,nutrient not found in predictions
missing,51.png,- of which saturates | davon gesättigte Fettsäuren | dont acides gras saturés | waarvan verzadigde vetzuren,< 0.5,g,per_serving (60 g),,,,,nutrient not found in predictions
missing,51.png,Vitamin B6 | Vitamine B6,0.21,mg,per_serving (60 g),,,,,nutrient not found in predictions
incorrect,53.png,Fat | Fett | Matières grasses | Vetten,< 0.5,g,per_100g,Fat |Fett |Matieres grasses |Vetten,<0.5,g,per_100g,nutrient: no match
incorrect,53.png,- of which saturates | davon gesättigte Fettsäuren | dont acides gras saturés | waarvan verzadigde vetzuren,< 0.5,g,per_100g,- of which saturates I davon gesättigte Fettsäuren,<0.5,g,per_100g,nutrient: no match
incorrect,53.png,Carbohydrate | Kohlenhydrate | Glucides | Koolhydraten,84,g,per_100g,CarbohydrateKohlenhydrateGlucidesKoolhydraten,84,g,per_100g,nutrient: no match
incorrect,53.png,- of which sugars | davon Zucker | dont sucres | waarvan suikers,62,g,per_100g,- of which sugars I davon Zucker dont sucres I waarvan sukers,62,g,per_100g,nutrient: no match
incorrect,53.png,Protein | Eiweiß | Protéines | Eiwitten,6.7,g,per_100g,ProteinEiweiBProteinesEiwitten,6.7,g,per_100g,nutrient: no match
incorrect,53.png,Salt | Salz | Sel | Zout,0.13,g,per_100g,SaltSalzSelZout,0.13,g,per_100g,nutrient: no match
incorrect,53.png,Vitamin B6 | Vitamine B6,0.35,mg,per_100g,Vitamin B6Vitamine B6,0.35,mg,per_100g,nutrient: no match
incorrect,53.png,- of which saturates | davon gesättigte Fettsäuren | dont acides gras saturés | waarvan verzadigde vetzuren,< 0.5,g,per_serving (60 g),dont acides gras saturés waarvan verzadigde vetzuren,<0.5,g,per_100g,nutrient: no match | context: got per_100g expected per_serving (60 g)
incorrect,53.png,Carbohydrate | Kohlenhydrate | Glucides | Koolhydraten,50,g,per_serving (60 g),CarbohydrateKohlenhydrateGlucidesKoolhydraten,50,g,per_100g,nutrient: no match | context: got per_100g expected per_serving (60 g)
incorrect,53.png,- of which sugars | davon Zucker | dont sucres | waarvan suikers,37,g,per_serving (60 g),- of which sugars I davon Zucker dont sucres I waarvan sukers,37,g,per_100g,nutrient: no match | context: got per_100g expected per_serving (60 g)
incorrect,53.png,Protein | Eiweiß | Protéines | Eiwitten,4.0,g,per_serving (60 g),ProteinEiweiBProteinesEiwitten,4.0,g,per_100g,nutrient: no match | context: got per_100g expected per_serving (60 g)
incorrect,53.png,Salt | Salz | Sel | Zout,0.08,g,per_serving (60 g),SaltSalzSelZout,0.08,g,per_100g,nutrient: no match | context: got per_100g expected per_serving (60 g)
incorrect,53.png,Vitamin B6 | Vitamine B6,0.21,mg,per_serving (60 g),Vitamin B6Vitamine B6,0.21,mg,per_100g,nutrient: no match | context: got per_100g expected per_serving (60 g)
missing,53.png,Energy | Energie,1541,kJ,per_100g,,,,,nutrient not found in predictions
missing,53.png,Energy | Energie,363,kcal,per_100g,,,,,nutrient not found in predictions
missing,53.png,Energy | Energie,925,kJ,per_serving (60 g),,,,,nutrient not found in predictions
missing,53.png,Energy | Energie,218,kcal,per_serving (60 g),,,,,nutrient not found in predictions
missing,53.png,Fat | Fett | Matières grasses | Vetten,< 0.5,g,per_serving (60 g),,,,,nutrient not found in predictions
incorrect,56.jpeg,Eiweiß ..... Protéines,83,g,per_100g,Proteines,83,g,per_100g,nutrient: no match
incorrect,56.jpeg,Fett ........... Lipides,4.3,g,per_100g,Fett,3.67,g,per_100g,nutrient: no match | qty: got 3.67 expected 4.3
incorrect,56.jpeg,Eiweiß ..... Protéines,4.99,g,per_serving (pro Esslöffel (6 g)),Proteines,0.228,g,per_100g,nutrient: no match | qty: got 0.228 expected 4.99 | context: got per_100g expected per_serving (pro Esslöffel (6 g))
incorrect,56.jpeg,Fett ........... Lipides,0.26,g,per_serving (pro Esslöffel (6 g)),Fett,0.228,g,per_100g,nutrient: no match | qty: got 0.228 expected 0.26 | context: got per_100g expected per_serving (pro Esslöffel (6 g))
missing,56.jpeg,Brennwert ...... Energie,383,kcal,per_100g,,,,,nutrient not found in predictions
missing,56.jpeg,Brennwert ...... Energie,1604,kJ,per_100g,,,,,nutrient not found in predictions
missing,56.jpeg,Kohlenhydrate ... Glucides,3.67,g,per_100g,,,,,nutrient not found in predictions
missing,56.jpeg,Brennwert ...... Energie,23,kcal,per_serving (pro Esslöffel (6 g)),,,,,nutrient not found in predictions
missing,56.jpeg,Brennwert ...... Energie,96.2,kJ,per_serving (pro Esslöffel (6 g)),,,,,nutrient not found in predictions
missing,56.jpeg,Kohlenhydrate ... Glucides,0.22,g,per_serving (pro Esslöffel (6 g)),,,,,nutrient not found in predictions
incorrect,57.jpeg,Eiweiß ..... Protéines,83,g,per_100g,proteines,83,g,per_100g,nutrient: no match
incorrect,57.jpeg,Eiweiß ..... Protéines,4.99,g,per_serving (pro Esslöffel (6 g)),proteines,4.99,g,per_100g,nutrient: no match | context: got per_100g expected per_serving (pro Esslöffel (6 g))
incorrect,57.jpeg,Fett ........... Lipides,0.26,g,per_serving (pro Esslöffel (6 g)),Fett,0.26,g,per_100g,nutrient: no match | context: got per_100g expected per_serving (pro Esslöffel (6 g))
incorrect,57.jpeg,Fett ........... Lipides,4.3,g,per_100g,Fett,3.67,g,per_100g,nutrient: no match | qty: got 3.67 expected 4.3
missing,57.jpeg,Brennwert ...... Energie,383,kcal,per_100g,,,,,nutrient not found in predictions
missing,57.jpeg,Brennwert ...... Energie,1604,kJ,per_100g,,,,,nutrient not found in predictions
missing,57.jpeg,Kohlenhydrate ... Glucides,3.67,g,per_100g,,,,,nutrient not found in predictions
missing,57.jpeg,Brennwert ...... Energie,23,kcal,per_serving (pro Esslöffel (6 g)),,,,,nutrient not found in predictions
missing,57.jpeg,Brennwert ...... Energie,96.2,kJ,per_serving (pro Esslöffel (6 g)),,,,,nutrient not found in predictions
missing,57.jpeg,Kohlenhydrate ... Glucides,0.22,g,per_serving (pro Esslöffel (6 g)),,,,,nutrient not found in predictions
incorrect,59.png,Vitamin C,300,mg,per_100g (100 g Pulver),Vitamin C,150,ug,per_100g,qty: got 150 expected 300 | unit: got ug expected mg
incorrect,59.png,Brennwert/Energy Value,1391,kJ,per_100g (100 g Pulver),Brennwert/EnergyValue,1391,kj,per_100g,nutrient: no match
incorrect,59.png,Eiweiß/Protein,0.7,g,per_100g (100 g Pulver),EiweiB/Protein,0.7,g,per_100g,nutrient: no match
incorrect,59.png,davon Zucker / of which Sugars,64.4,g,per_100g (100 g Pulver),davonZucker/of which Sugars,64.4,g,per_100g,nutrient: no match
incorrect,59.png,davon gesättigte Fettsäuren/of which Saturates,<0.3,g,per_100g (100 g Pulver),davon gesáttigte Fettsáuren,<0.3,g,per_100g,nutrient: no match
incorrect,59.png,Ballaststoffe / Fibre,25,g,per_100g (100 g Pulver),Ballaststoffe/Fibre,25,g,per_100g,nutrient: no match
incorrect,59.png,Natrium / Sodium,<0.1,g,per_100g (100 g Pulver),Natrium/Sodium,<0.1,g,per_100g,nutrient: no match
incorrect,59.png,Brennwert/Energy Value,278,kJ,per_daily_dose (1 Portion = 20 g Pulver),Brennwert/EnergyValue,278,kj,per_daily_dose,nutrient: no match
incorrect,59.png,Eiweiß/Protein,0.14,g,per_daily_dose (1 Portion = 20 g Pulver),EiweiB/Protein,0.14,g,per_daily_dose,nutrient: no match
incorrect,59.png,davon Zucker / of which Sugars,12.9,g,per_daily_dose (1 Portion = 20 g Pulver),davonZucker/of which Sugars,12.9,g,per_daily_dose,nutrient: no match
incorrect,59.png,davon Fructose / of which Fructose,12.7,g,per_daily_dose (1 Portion = 20 g Pulver),davon Fructose/of which Fructose 63.7g,12.7,g,per_daily_dose,nutrient: no match
incorrect,59.png,davon gesättigte Fettsäuren/of which Saturates,<0.1,g,per_daily_dose (1 Portion = 20 g Pulver),davon gesáttigte Fettsáuren,<0.1,g,per_daily_dose,nutrient: no match
incorrect,59.png,Ballaststoffe / Fibre,5,g,per_daily_dose (1 Portion = 20 g Pulver),Ballaststoffe/Fibre,5,g,per_daily_dose,nutrient: no match
incorrect,59.png,Natrium / Sodium,<0.02,g,per_daily_dose (1 Portion = 20 g Pulver),Natrium/Sodium,<0.02,g,per_daily_dose,nutrient: no match
incorrect,59.png,Selen / Selenium,30,µg,per_daily_dose (1 Portion = 20 g Pulver),Selen/Selenium,30,g,per_daily_dose,nutrient: no match | unit: got g expected µg
incorrect,59.png,davon Fructose / of which Fructose,63.7,g,per_100g (100 g Pulver),davon Fructose/of which Fructose 63.7g,64.4,g,per_100g,nutrient: no match | qty: got 64.4 expected 63.7
incorrect,59.png,Selen / Selenium,150,µg,per_100g (100 g Pulver),Selen/Selenium,<0.1,g,per_100g,nutrient: no match | qty: got <0.1 expected 150 | unit: got g expected µg
incorrect,59.png,Vitamin A (aus/from Provitamin A),1667,µg RE,per_100g (100 g Pulver),Vitamin A (aus/from Provitamin A,,,per_100g,qty: got None expected 1667 | unit: got None expected µg RE
missing,59.png,Brennwert/Energy Value,330,kcal,per_100g (100 g Pulver),,,,,nutrient not found in predictions
missing,59.png,Vitamin E,50,mg α-TE,per_100g (100 g Pulver),,,,,nutrient not found in predictions
missing,59.png,Brennwert/Energy Value,66,kcal,per_daily_dose (1 Portion = 20 g Pulver),,,,,nutrient not found in predictions
missing,59.png,Vitamin E,10,mg α-TE,per_daily_dose (1 Portion = 20 g Pulver),,,,,nutrient not found in predictions
missing,59.png,Vitamin A (aus/from Provitamin A),333,µg RE,per_daily_dose (1 Portion = 20 g Pulver),,,,,nutrient not found in predictions
missing,6.png,GREEN TEA,1,mg,per_serving (4 g),,,,,nutrient not found in predictions
incorrect,61.png,Energy / Energie / Energia / Énergie / Energia / Energijska vrednost,427,kJ,per_serving (30 g),Energy /Energie/Energia /Energie /Energia /Energijska vrednost,427,kj,per_serving,nutrient: no match
incorrect,61.png,Energy / Energie / Energia / Énergie / Energia / Energijska vrednost,102,kcal,per_serving (30 g),Energy /Energie/Energia /Energie /Energia /Energijska vrednost,102,kcal,per_serving,nutrient: no match
incorrect,61.png,Fat / Fett / Grassi / Graisse / Grasas / Maščobe,0,g,per_serving (30 g),Fat/Fett/Grassi/Graisse/Grasas/Mascobe,0,g,per_serving,nutrient: no match
incorrect,61.png,of which saturated / davon gesättigte / di cui saturi / dont saturés / de las cuales saturadas / od tega nasičene,0,g,per_serving (30 g),of which saturated / davon gesättigte / di cul saturi / dont saturés/ de las cuales saturades/ od tega nasiene,0,g,per_serving,nutrient: no match
incorrect,61.png,Carbohydrates / Kohlenhydrate / Carboidrati / Glucides / Carbohidratos / Ogljikovi hidrati,25.3,g,per_serving (30 g),Carbohydrates/ Kohlenhydrate/ Carboldratt/ Glucides/Carbohidratos/ Oglijkovi hidrati,25.3,g,per_serving,nutrient: no match
incorrect,61.png,of which sugars / davon Zucker / di cui zuccheri / dont sucres / de los cuales azúcares / od tega sladkorji,14.6,g,per_serving (30 g),of which sugars / davon Zucker / di cul zuccheri / dont sucres / de los cuales azücares/ od tega sladkorji,14.6,g,per_serving,nutrient: no match
incorrect,61.png,Salt / Salz / Sale / Sel / Sal / Sol,0.52,g,per_serving (30 g),Salt /Salz /Sale/Sel/Sal/Sol,0.52,g,per_serving,nutrient: no match
incorrect,61.png,Magnesium / Magnesium / Magnesio / Magnésium / Magnesio / Magnezij,75,mg,per_serving (30 g),Magnesium /Magnesium /Magnesio/Magnesium /Magnesio /Magnezij,75,mg,per_serving,nutrient: no match
incorrect,61.png,Energy / Energie / Energia / Énergie / Energia / Energijska vrednost,1424,kJ,per_100g,Energy /Energie/Energia /Energie /Energia /Energijska vrednost,1424,kj,per_100g,nutrient: no match
incorrect,61.png,Carbohydrates / Kohlenhydrate / Carboidrati / Glucides / Carbohidratos / Ogljikovi hidrati,84.4,g,per_100g,Carbohydrates/ Kohlenhydrate/ Carboldratt/ Glucides/Carbohidratos/ Oglijkovi hidrati,84.4,g,per_100g,nutrient: no match
incorrect,61.png,of which sugars / davon Zucker / di cui zuccheri / dont sucres / de los cuales azúcares / od tega sladkorji,48.7,g,per_100g,of which sugars / davon Zucker / di cul zuccheri / dont sucres / de los cuales azücares/ od tega sladkorji,48.7,g,per_100g,nutrient: no match
incorrect,61.png,Salt / Salz / Sale / Sel / Sal / Sol,1.73,g,per_100g,Salt /Salz /Sale/Sel/Sal/Sol,1.73,g,per_100g,nutrient: no match
incorrect,61.png,Magnesium / Magnesium / Magnesio / Magnésium / Magnesio / Magnezij,250,mg,per_100g,Magnesium /Magnesium /Magnesio/Magnesium /Magnesio /Magnezij,250,mg,per_100g,nutrient: no match
missing,61.png,Protein / Eiweiß / Proteine / Protéines / Proteína / Beljakovine,0.2,g,per_serving (30 g),,,,,nutrient not found in predictions
missing,61.png,Potassium / Kalium / Potassio / Potassium / Potasio / Kalij,100,mg,per_serving (30 g),,,,,nutrient not found in predictions
missing,61.png,Calcium / Kalzium / Calcio / Calcium / Calcio / Kalcij,50,mg,per_serving (30 g),,,,,nutrient not found in predictions
missing,61.png,Energy / Energie / Energia / Énergie / Energia / Energijska vrednost,341,kcal,per_100g,,,,,nutrient not found in predictions
missing,61.png,Fat / Fett / Grassi / Graisse / Grasas / Maščobe,0,g,per_100g,,,,,nutrient not found in predictions
missing,61.png,of which saturated / davon gesättigte / di cui saturi / dont saturés / de las cuales saturadas / od tega nasičene,0,g,per_100g,,,,,nutrient not found in predictions
missing,61.png,Protein / Eiweiß / Proteine / Protéines / Proteína / Beljakovine,0.6,g,per_100g,,,,,nutrient not found in predictions
missing,61.png,Potassium / Kalium / Potassio / Potassium / Potasio / Kalij,333.3,mg,per_100g,,,,,nutrient not found in predictions
missing,61.png,Calcium / Kalzium / Calcio / Calcium / Calcio / Kalcij,166.7,mg,per_100g,,,,,nutrient not found in predictions
incorrect,63.png,Energy / Energie / Energia / Énergie / Energia / Energijska vrednost,427,kJ,per_serving (30 g),Energy/Energie/Energia/Energia/Energia/Energijska vrednost,427,kj,per_serving,nutrient: no match
incorrect,63.png,Energy / Energie / Energia / Énergie / Energia / Energijska vrednost,102,kcal,per_serving (30 g),Energy/Energie/Energia/Energia/Energia/Energijska vrednost,102,kcal,per_serving,nutrient: no match
incorrect,63.png,Fat / Fett / Grassi / Graisse / Grasas / Maščobe,0,g,per_serving (30 g),Fat/Fett/Grassl/Gralsse/Grasas/Mascobe,0,g,per_serving,nutrient: no match
incorrect,63.png,of which saturated / davon gesättigte / di cui saturi / dont saturés / de las cuales saturadas / od tega nasičene,0,g,per_serving (30 g),of which saturated / davon gesättigte / di cul saturi / dont saturés/ de las cuales saturades / od tega nasiene,0,g,per_serving,nutrient: no match
incorrect,63.png,Carbohydrates / Kohlenhydrate / Carboidrati / Glucides / Carbohidratos / Ogljikovi hidrati,25.3,g,per_serving (30 g),Carbohydrates/Kohlenhydrate/Carboldrati/Glucides/Carbohidratos/Ogljikovl hidrati,25.3,g,per_serving,nutrient: no match
incorrect,63.png,of which sugars / davon Zucker / di cui zuccheri / dont sucres / de los cuales azúcares / od tega sladkorji,14.6,g,per_serving (30 g),of which sugars/ davon Zucker / di cul zuccheri /dont sucres/ de los cuales azücares/od tega sladkorji,14.6,g,per_serving,nutrient: no match
incorrect,63.png,Salt / Salz / Sale / Sel / Sal / Sol,0.52,g,per_serving (30 g),Salt/Salz/Sale/Sal/Sal/Sol,0.52,g,per_serving,nutrient: no match
incorrect,63.png,Magnesium / Magnesium / Magnesio / Magnésium / Magnesio / Magnezij,75,mg,per_serving (30 g),Magnesium/Magnesium/Magnesio/Magnesium/Magnesio/Magnezij,75,mg,per_serving,nutrient: no match
incorrect,63.png,Potassium / Kalium / Potassio / Potassium / Potasio / Kalij,100,mg,per_serving (30 g),Potassium/Kallum/Potassio/Potassium/Potasio/Kalli,100,mg,per_serving,nutrient: no match
incorrect,63.png,Energy / Energie / Energia / Énergie / Energia / Energijska vrednost,1424,kJ,per_100g,Energy/Energie/Energia/Energia/Energia/Energijska vrednost,1424,kj,per_100g,nutrient: no match
incorrect,63.png,Carbohydrates / Kohlenhydrate / Carboidrati / Glucides / Carbohidratos / Ogljikovi hidrati,84.4,g,per_100g,Carbohydrates/Kohlenhydrate/Carboldrati/Glucides/Carbohidratos/Ogljikovl hidrati,84.4,g,per_100g,nutrient: no match
incorrect,63.png,of which sugars / davon Zucker / di cui zuccheri / dont sucres / de los cuales azúcares / od tega sladkorji,48.7,g,per_100g,of which sugars/ davon Zucker / di cul zuccheri /dont sucres/ de los cuales azücares/od tega sladkorji,48.7,g,per_100g,nutrient: no match
incorrect,63.png,Salt / Salz / Sale / Sel / Sal / Sol,1.73,g,per_100g,Salt/Salz/Sale/Sal/Sal/Sol,1.73,g,per_100g,nutrient: no match
incorrect,63.png,Magnesium / Magnesium / Magnesio / Magnésium / Magnesio / Magnezij,250,mg,per_100g,Magnesium/Magnesium/Magnesio/Magnesium/Magnesio/Magnezij,250,mg,per_100g,nutrient: no match
incorrect,63.png,Potassium / Kalium / Potassio / Potassium / Potasio / Kalij,333.3,mg,per_100g,Potassium/Kallum/Potassio/Potassium/Potasio/Kalli,50,mg,per_serving,nutrient: no match | qty: got 50 expected 333.3 | context: got per_serving expected per_100g
missing,63.png,Protein / Eiweiß / Proteine / Protéines / Proteína / Beljakovine,0.2,g,per_serving (30 g),,,,,nutrient not found in predictions
missing,63.png,Calcium / Kalzium / Calcio / Calcium / Calcio / Kalcij,50,mg,per_serving (30 g),,,,,nutrient not found in predictions
missing,63.png,Energy / Energie / Energia / Énergie / Energia / Energijska vrednost,341,kcal,per_100g,,,,,nutrient not found in predictions
missing,63.png,Fat / Fett / Grassi / Graisse / Grasas / Maščobe,0,g,per_100g,,,,,nutrient not found in predictions
missing,63.png,of which saturated / davon gesättigte / di cui saturi / dont saturés / de las cuales saturadas / od tega nasičene,0,g,per_100g,,,,,nutrient not found in predictions
missing,63.png,Protein / Eiweiß / Proteine / Protéines / Proteína / Beljakovine,0.6,g,per_100g,,,,,nutrient not found in predictions
missing,63.png,Calcium / Kalzium / Calcio / Calcium / Calcio / Kalcij,166.7,mg,per_100g,,,,,nutrient not found in predictions
incorrect,64.png,Folsäure/folic acid,80,µg,per_daily_dose (1 Ampulle/flask + 2 Caps.),Folsaure/folic acid,80,g,per_daily_dose,unit: got g expected µg
incorrect,64.png,Vitamin(e) B12,2.0,µg,per_daily_dose (1 Ampulle/flask + 2 Caps.),Vitamin(e) B12,2.0,g,per_daily_dose,unit: got g expected µg
missing,67.jpeg,Colecalciferol,25,µg,per_serving (Jede Tablette),,,,,nutrient not found in predictions
missing,67.jpeg,Vitamin D3,1000,I.E.,per_serving (Jede Tablette),,,,,nutrient not found in predictions
missing,67.jpeg,Colecalciferol,0.025,mg,per_daily_dose (Tagesdosis bis zu 1000 I.E.),,,,,nutrient not found in predictions
missing,67.jpeg,Vitamin D3,1000,I.E.,per_daily_dose (Tagesdosis bis zu 1000 I.E.),,,,,nutrient not found in predictions
incorrect,68.jpeg,Fat / Fett / Matières grasses / Vetten / Grasas / Lipidos / Grassi,0.6,g,per_100g,ssturados/d cul acidigrassisaturi/varav mattat fett,05,g,per_100g,nutrient: no match | qty: got 05 expected 0.6
incorrect,68.jpeg,of which saturates / davon gesättigte Fettsäuren / dont acides gras saturés / waarvan verzadigde vetzuren / de las cuales saturadas / dos quais ácidos gordos saturados / di cui acidi grassi saturi / varav mättat fett,0.5,g,per_100g,wnan verzadde vetzuren/de las cuales saturadas/dos quais acidos gordos,05,g,per_100g,nutrient: no match | qty: got 05 expected 0.5
incorrect,68.jpeg,Protein(e) / Eiweiß / Protéines / Eiwitten / Proteínas,84,g,per_100g,Prter(e/Ehws8/Proteines/Eiwtten/Proteinas,64,g,per_100g,nutrient: no match | qty: got 64 expected 84
incorrect,68.jpeg,Fat / Fett / Matières grasses / Vetten / Grasas / Lipidos / Grassi,0.1,g,per_serving (24 g),ssturados/d cul acidigrassisaturi/varav mattat fett,529,g,per_100g,nutrient: no match | qty: got 529 expected 0.1 | context: got per_100g expected per_serving (24 g)
incorrect,68.jpeg,Protein(e) / Eiweiß / Protéines / Eiwitten / Proteínas,20,g,per_serving (24 g),Prter(e/Ehws8/Proteines/Eiwtten/Proteinas,219,g,per_100g,nutrient: no match | qty: got 219 expected 20 | context: got per_100g expected per_serving (24 g)
incorrect,68.jpeg,of which saturates / davon gesättigte Fettsäuren / dont acides gras saturés / waarvan verzadigde vetzuren / de las cuales saturadas / dos quais ácidos gordos saturados / di cui acidi grassi saturi / varav mättat fett,0.1,g,per_serving (24 g),Fa/fe/Maeresgrases/Vetten/Grasas/Upidos/Grassi,1578,,per_100g,nutrient: no match | qty: got 1578 expected 0.1 | unit: got None expected g | context: got per_100g expected per_serving (24 g)
missing,68.jpeg,Energy / Energi(e/a) / Valor energético kJ (kcal),1578,kJ,per_100g,,,,,nutrient not found in predictions
missing,68.jpeg,Energy / Energi(e/a) / Valor energético kJ (kcal),372,kcal,per_100g,,,,,nutrient not found in predictions
missing,68.jpeg,Carbohydrate / Kohlenhydrate / Glucides / Koolhydraten / Hidratos de carbono / Carboidrati / Kolhydrat,5.2,g,per_100g,,,,,nutrient not found in predictions
missing,68.jpeg,of which sugars / davon Zucker / dont sucres / waarvan suikers / de los cuales azúcares / dos quais açúcares / di cui zuccheri / varav sockerarter,2.1,g,per_100g,,,,,nutrient not found in predictions
missing,68.jpeg,Salt / Salz / Sel / Zout / Sal / Sale,0.42,g,per_100g,,,,,nutrient not found in predictions
missing,68.jpeg,L-Valine / L-Valin / L-valina,5.7,g,per_100g,,,,,nutrient not found in predictions
missing,68.jpeg,L-Leucine / L-Leucin / L-leucina,9.2,g,per_100g,,,,,nutrient not found in predictions
missing,68.jpeg,L-Isoleucine / L-Isoleucin / L-isoleucina,6.2,g,per_100g,,,,,nutrient not found in predictions
missing,68.jpeg,L-Lysine / L-Lysin / L-lisina,8.8,g,per_100g,,,,,nutrient not found in predictions
missing,68.jpeg,L-Histidine / L-Histidin / L-histidina / L-istidina,1.5,g,per_100g,,,,,nutrient not found in predictions
missing,68.jpeg,L-Methionine / L-Methionin / L-Méthionine / L-metionina / L-metionin,2.0,g,per_100g,,,,,nutrient not found in predictions
missing,68.jpeg,L-Phenylalanine / L-Phenylalanin / L-fenilalanina / L-fenylalanin,2.6,g,per_100g,,,,,nutrient not found in predictions
missing,68.jpeg,L-Threonine / L-Threonin / L-Thréonine / L-treonina / L-treonin,6.2,g,per_100g,,,,,nutrient not found in predictions
missing,68.jpeg,L-Tryptophan / L-Tryptofaan / L-triptófano / L-triptofano / L-tryptofan,1.6,g,per_100g,,,,,nutrient not found in predictions
missing,68.jpeg,Energy / Energi(e/a) / Valor energético kJ (kcal),379,kJ,per_serving (24 g),,,,,nutrient not found in predictions
missing,68.jpeg,Energy / Energi(e/a) / Valor energético kJ (kcal),89,kcal,per_serving (24 g),,,,,nutrient not found in predictions
missing,68.jpeg,Carbohydrate / Kohlenhydrate / Glucides / Koolhydraten / Hidratos de carbono / Carboidrati / Kolhydrat,1.2,g,per_serving (24 g),,,,,nutrient not found in predictions
missing,68.jpeg,of which sugars / davon Zucker / dont sucres / waarvan suikers / de los cuales azúcares / dos quais açúcares / di cui zuccheri / varav sockerarter,0.5,g,per_serving (24 g),,,,,nutrient not found in predictions
missing,68.jpeg,Salt / Salz / Sel / Zout / Sal / Sale,0.10,g,per_serving (24 g),,,,,nutrient not found in predictions
missing,68.jpeg,L-Valine / L-Valin / L-valina,1.4,g,per_serving (24 g),,,,,nutrient not found in predictions
missing,68.jpeg,L-Leucine / L-Leucin / L-leucina,2.2,g,per_serving (24 g),,,,,nutrient not found in predictions
missing,68.jpeg,L-Isoleucine / L-Isoleucin / L-isoleucina,1.5,g,per_serving (24 g),,,,,nutrient not found in predictions
missing,68.jpeg,L-Lysine / L-Lysin / L-lisina,2.1,g,per_serving (24 g),,,,,nutrient not found in predictions
missing,68.jpeg,L-Histidine / L-Histidin / L-histidina / L-istidina,357,mg,per_serving (24 g),,,,,nutrient not found in predictions
missing,68.jpeg,L-Methionine / L-Methionin / L-Méthionine / L-metionina / L-metionin,472,mg,per_serving (24 g),,,,,nutrient not found in predictions
missing,68.jpeg,L-Phenylalanine / L-Phenylalanin / L-fenilalanina / L-fenylalanin,629,mg,per_serving (24 g),,,,,nutrient not found in predictions
missing,68.jpeg,L-Threonine / L-Threonin / L-Thréonine / L-treonina / L-treonin,1.5,g,per_serving (24 g),,,,,nutrient not found in predictions
missing,68.jpeg,L-Tryptophan / L-Tryptofaan / L-triptófano / L-triptofano / L-tryptofan,384,mg,per_serving (24 g),,,,,nutrient not found in predictions
incorrect,78.jpeg,Vitamin D,50,µg,per_serving (pro Kapsel),rnit Vitamin D3,,,per_serving,nutrient: no match | qty: got None expected 50 | unit: got None expected µg
missing,78.jpeg,Vitamin D,2000,I.E.,per_serving (pro Kapsel),,,,,nutrient not found in predictions
incorrect,8.png,PROTEIN,2.2,g,per_serving (Per Bar 60g),protein,2.2,,per_serving,unit: got None expected g
incorrect,8.png,PROTEIN,3.7,g,per_100g,protein,3.7,,per_100g,unit: got None expected g
incorrect,8.png,CARBOHYDRATE,41,g,per_serving (Per Bar 60g),carbohydrate,7.9,,per_100g,qty: got 7.9 expected 41 | unit: got None expected g | context: got per_100g expected per_serving (Per Bar 60g)
incorrect,8.png,DIETARY FIBRE,1.9,g,per_serving (Per Bar 60g),dietary fibre,2823232,,per_100g,qty: got 2823232 expected 1.9 | unit: got None expected g | context: got per_100g expected per_serving (Per Bar 60g)
incorrect,8.png,FAT,4.8,g,per_serving (Per Bar 60g),FAT: (g,4.8,g,per_serving,nutrient: no match
incorrect,8.png,FAT,7.9,g,per_100g,FAT: (g,7.9,g,per_100g,nutrient: no match
incorrect,8.png,SATURATED FAT,3.4,g,per_serving (Per Bar 60g),- SATURATED FAT (g,4.8,g,per_serving,qty: got 4.8 expected 3.4
incorrect,8.png,SUGARS,21,g,per_serving (Per Bar 60g),-SUGARS (g,21271,g,per_serving,nutrient: no match | qty: got 21271 expected 21
incorrect,8.png,SUGARS,35,g,per_100g,-SUGARS (g,2823232,g,per_100g,nutrient: no match | qty: got 2823232 expected 35
incorrect,8.png,SODIUM,43,mg,per_serving (Per Bar 60g),SODIUM (mg,,,per_serving,nutrient: no match | qty: got None expected 43 | unit: got None expected mg
missing,8.png,ENERGY,892,kJ,per_serving (Per Bar 60g),,,,,nutrient not found in predictions
missing,8.png,ENERGY,213,kcal,per_serving (Per Bar 60g),,,,,nutrient not found in predictions
missing,8.png,ENERGY,1486,kJ,per_100g,,,,,nutrient not found in predictions
missing,8.png,ENERGY,355,kcal,per_100g,,,,,nutrient not found in predictions
missing,8.png,SATURATED FAT,5.7,g,per_100g,,,,,nutrient not found in predictions
missing,8.png,CARBOHYDRATE,69,g,per_100g,,,,,nutrient not found in predictions
missing,8.png,DIETARY FIBRE,3.2,g,per_100g,,,,,nutrient not found in predictions
missing,8.png,SODIUM,72,mg,per_100g,,,,,nutrient not found in predictions
incorrect,82.jpeg,Protein,0,g,per_100g,Protein,60,,per_serving,qty: got 60 expected 0 | unit: got None expected g | context: got per_serving expected per_100g
incorrect,82.jpeg,Carbohydrates,0,g,per_100g,Carbohydrates,60,,per_100g,qty: got 60 expected 0 | unit: got None expected g
incorrect,82.jpeg,Fat,0,g,per_100g,Fat,60,,per_100g,qty: got 60 expected 0 | unit: got None expected g
incorrect,82.jpeg,Creatine monohydrate,3,g,per_serving (3 g/1 level teaspoon),Creatine,3,g,per_serving,nutrient: no match
incorrect,82.jpeg,Creatine monohydrate,100,g,per_100g,monohydrate,3,g,per_serving,nutrient: no match | qty: got 3 expected 100 | context: got per_serving expected per_100g
missing,82.jpeg,Energy,0,kJ,per_100g,,,,,nutrient not found in predictions
missing,82.jpeg,Energy,0,kcal,per_100g,,,,,nutrient not found in predictions
missing,82.jpeg,Energy,0,kJ,per_serving (3 g/1 level teaspoon),,,,,nutrient not found in predictions
missing,82.jpeg,Energy,0,kcal,per_serving (3 g/1 level teaspoon),,,,,nutrient not found in predictions
missing,82.jpeg,Protein,0,g,per_serving (3 g/1 level teaspoon),,,,,nutrient not found in predictions
missing,82.jpeg,Carbohydrates,0,g,per_serving (3 g/1 level teaspoon),,,,,nutrient not found in predictions
missing,82.jpeg,Fat,0,g,per_serving (3 g/1 level teaspoon),,,,,nutrient not found in predictions
incorrect,88.png,Fett/lipides/fat/grassi,0.7,g,per_100ml,Fett/lipides/fat/grassi,0.5,g,per_100ml,qty: got 0.5 expected 0.7
incorrect,88.png,davon gesättigte Fettsäuren/of which saturated fatty acids,0.5,g,per_100ml,davon gesattigte Fettsauren,0.5,g,per_100ml,nutrient: no match
incorrect,88.png,davon gesättigte Fettsäuren/of which saturated fatty acids,1.6,g,per_serving (330 ML),Fett/lipides/fat/grassi,1.6,g,per_serving,nutrient: no match
incorrect,88.png,Kohlenhydrate/glucides/carbohydrates/carboidrati,13,g,per_serving (330 ML),Kohlenhydrate/glucides,13,g,per_serving,nutrient: no match
incorrect,88.png,Salz/sel/salt/sale,0.33,g,per_serving (330 ML),Salt/sel/salt/sale,0.33,g,per_serving,nutrient: no match
incorrect,88.png,Kohlenhydrate/glucides/carbohydrates/carboidrati,4.1,g,per_100ml,carbohydrates/carboidrati,3.5,g,per_100ml,nutrient: no match | qty: got 3.5 expected 4.1
missing,88.png,Energie/energy/energia kJ (kcal),234,kJ,per_100ml,,,,,nutrient not found in predictions
missing,88.png,Energie/energy/energia kJ (kcal),55,kcal,per_100ml,,,,,nutrient not found in predictions
missing,88.png,davon Zuckerarten/of which sugars,3.5,g,per_100ml,,,,,nutrient not found in predictions
missing,88.png,Salz/sel/salt/sale,0.10,g,per_100ml,,,,,nutrient not found in predictions
missing,88.png,Energie/energy/energia kJ (kcal),772,kJ,per_serving (330 ML),,,,,nutrient not found in predictions
missing,88.png,Energie/energy/energia kJ (kcal),181,kcal,per_serving (330 ML),,,,,nutrient not found in predictions
missing,88.png,davon Zuckerarten/of which sugars,11,g,per_serving (330 ML),,,,,nutrient not found in predictions
incorrect,9.jpeg,Zink,5,mg,per_serving (pro 1 Tablette),Zink,5,mg,per_daily_dose,context: got per_daily_dose expected per_serving (pro 1 Tablette)
incorrect,9.jpeg,Vitamin C,30,mg,per_serving (pro 1 Tablette),Vitamin C,30,mg,per_daily_dose,context: got per_daily_dose expected per_serving (pro 1 Tablette)
incorrect,9.jpeg,Vitamin C,60,mg,per_daily_dose (pro 2 Tabletten),Vitamin C,60,mg,per_serving,context: got per_serving expected per_daily_dose (pro 2 Tabletten)
incorrect,9.jpeg,Zink,10,mg,per_daily_dose (pro 2 Tabletten),Zink,30,mg,per_daily_dose,qty: got 30 expected 10
incorrect,90.png,Salz/sel/salt,0.10,g,per_daily_dose (2 Shots (60 ml)),Salz/sel/salt,<0.1,g,per_100ml,context: got per_100ml expected per_daily_dose (2 Shots (60 ml))
incorrect,90.png,Eiweiss/protéines/protein,< 0.1,g,per_daily_dose (2 Shots (60 ml)),Eiweiss/proteines/protein,6.0,g,per_daily_dose,qty: got 6.0 expected < 0.1
incorrect,90.png,Magnesium/magnésium,56,mg,per_daily_dose (2 Shots (60 ml)),Magnesium/magnesium,0.16,g,per_100ml,qty: got 0.16 expected 56 | unit: got g expected mg | context: got per_100ml expected per_daily_dose (2 Shots (60 ml))
incorrect,90.png,davon gesättigte Fettsäuren/of which saturated fatty acids,< 0.1,g,per_100ml,davon gesattigte Fettsauren,<0.1,g,per_100ml,nutrient: no match
incorrect,90.png,davon gesättigte Fettsäuren/of which saturated fatty acids,0,g,per_daily_dose (2 Shots (60 ml)),davon gesattigte Fettsauren,0,g,per_daily_dose,nutrient: no match
missing,90.png,Energie/energy kJ (kcal),192,kJ,per_100ml,,,,,nutrient not found in predictions
missing,90.png,Energie/energy kJ (kcal),45,kcal,per_100ml,,,,,nutrient not found in predictions
missing,90.png,Energie/energy kJ (kcal),115,kJ,per_daily_dose (2 Shots (60 ml)),,,,,nutrient not found in predictions
missing,90.png,Energie/energy kJ (kcal),27,kcal,per_daily_dose (2 Shots (60 ml)),,,,,nutrient not found in predictions
incorrect,91.png,davon gesättigte Fettsäuren/of which saturated fatty acids,0.5,g,per_100ml,davon gesattigte Fettsauren,0.5,g,per_100ml,nutrient: no match
incorrect,91.png,Kohlenhydrate/glucides/carbohydrates/carboidrati,4.1,g,per_100ml,Kohlenhydrate/glucides,4.1,g,per_100ml,nutrient: no match
incorrect,91.png,davon gesättigte Fettsäuren/of which saturated fatty acids,1.6,g,per_serving (PER DRINK (330 ML)),Fett/lipides/fat/grassi,1.6,g,per_serving,nutrient: no match
incorrect,91.png,Kohlenhydrate/glucides/carbohydrates/carboidrati,13,g,per_serving (PER DRINK (330 ML)),Kohlenhydrate/glucides,13,g,per_serving,nutrient: no match
missing,91.png,Energie/energy/energia kJ (kcal),234,kJ,per_100ml,,,,,nutrient not found in predictions
missing,91.png,Energie/energy/energia kJ (kcal),55,kcal,per_100ml,,,,,nutrient not found in predictions
missing,91.png,Energie/energy/energia kJ (kcal),772,kJ,per_serving (PER DRINK (330 ML)),,,,,nutrient not found in predictions
missing,91.png,Energie/energy/energia kJ (kcal),181,kcal,per_serving (PER DRINK (330 ML)),,,,,nutrient not found in predictions
